step,contact,physical_contact,moving,spin,geometry_contact_possible,sensor_raw_force,virtual_force,raw_force,filtered_force,pad_compression,z_offset,normal_tilt,path,pause,stable_steps,actual_clearance
225,0,0,0,1,0,0.0,0.036000000000000004,0.036000000000000004,0.03599949733610329,0.0,0.07849999999999996,16.929900156091318,0.0,0,0,0.10505012848397319
240,0,0,0,1,0,0.0,0.036000000000000004,0.036000000000000004,0.03599999999684162,0.0,0.07699999999999992,16.929900156091318,0.0,0,0,0.03306564805935138
255,0,0,0,1,0,0.0,0.036000000000000004,0.036000000000000004,0.03599999999999999,0.0,0.07549999999999987,16.929900156091318,0.0,0,0,-0.0005188921197372895
270,0,0,0,1,0,0.0,0.036000000000000004,0.036000000000000004,0.03599022406443822,0.0,0.07889999999999997,16.929900156091318,0.0,0,0,0.005728425369546632
285,0,0,0,1,0,0.0,0.036000000000000004,0.036000000000000004,0.03599999993857489,0.0,0.07739999999999993,16.929900156091318,0.0,0,0,0.01719798743026862
300,0,0,0,1,0,0.0,0.036000000000000004,0.036000000000000004,0.03599999999999962,0.0,0.07589999999999988,16.929900156091318,0.0,0,0,0.022317839189588698
315,0,0,0,1,0,0.0,0.036000000000000004,0.036000000000000004,0.036000000000000004,0.0,0.07439999999999984,16.929900156091318,0.0,0,0,0.024811434922007408
330,0,0,0,1,0,0.0,0.036000000000000004,0.036000000000000004,0.036000000000000004,0.0,0.0728999999999998,16.929900156091318,0.0,0,0,0.026613984253080786
345,0,0,0,1,0,0.0,0.036000000000000004,0.036000000000000004,0.036000000000000004,0.0,0.07139999999999976,16.929900156091318,0.0,0,0,0.02746885318453628
360,0,0,0,1,0,0.0,0.036000000000000004,0.036000000000000004,0.036000000000000004,0.0,0.06989999999999971,16.929900156091318,0.0,0,0,0.027301086866393195
375,0,0,0,1,0,0.0,0.036000000000000004,0.036000000000000004,0.036000000000000004,0.0,0.06839999999999967,16.929900156091318,0.0,0,0,0.02641494770175615
390,0,0,0,1,0,0.0,0.036000000000000004,0.036000000000000004,0.036000000000000004,0.0,0.06689999999999963,16.929900156091318,0.0,0,0,0.025167043372144118
405,0,0,0,1,0,0.0,0.036000000000000004,0.036000000000000004,0.036000000000000004,0.0,0.06539999999999958,16.929900156091318,0.0,0,0,0.02376792315027175
420,0,0,0,1,0,0.0,0.036000000000000004,0.036000000000000004,0.036000000000000004,0.0,0.06389999999999954,16.929900156091318,0.0,0,0,0.022309278958013476
435,0,0,0,1,0,0.0,0.036000000000000004,0.036000000000000004,0.036000000000000004,0.0,0.0623999999999995,16.929900156091318,0.0,0,0,0.020829204312690003
450,0,0,0,1,0,0.0,0.036000000000000004,0.036000000000000004,0.036000000000000004,0.0,0.060899999999999455,16.929900156091318,0.0,0,0,0.01934005189990532
465,0,0,0,1,0,0.0,0.036000000000000004,0.036000000000000004,0.036000000000000004,0.0,0.05939999999999941,16.929900156091318,0.0,0,0,0.01784667385287139
480,0,0,0,1,0,0.0,0.036000000000000004,0.036000000000000004,0.036000000000000004,0.0,0.05789999999999937,16.929900156091318,0.0,0,0,0.016353522632486385
495,0,0,0,1,0,0.0,0.036000000000000004,0.036000000000000004,0.036000000000000004,0.0,0.056399999999999326,16.929900156091318,0.0,0,0,0.014859916827609839
510,0,0,0,1,0,0.0,0.036000000000000004,0.036000000000000004,0.036000000000000004,0.0,0.05489999999999928,16.929900156091318,0.0,0,0,0.013366049750265228
525,0,0,0,1,0,0.0,0.036000000000000004,0.036000000000000004,0.036000000000000004,0.0,0.05339999999999924,16.929900156091318,0.0,0,0,0.011872003783032539
540,0,0,0,1,0,0.0,0.036000000000000004,0.036000000000000004,0.036000000000000004,0.0,0.0518999999999992,16.929900156091318,0.0,0,0,0.010377062499124904
555,0,0,0,1,0,0.0,0.036000000000000004,0.036000000000000004,0.036000000000000004,0.0,0.050399999999999154,16.929900156091318,0.0,0,0,0.00888305745004523
570,0,0,0,1,0,0.0,0.036000000000000004,0.036000000000000004,0.036000000000000004,0.0,0.04889999999999911,16.929900156091318,0.0,0,0,0.00738890196765958
585,0,0,0,1,0,0.0,0.036000000000000004,0.036000000000000004,0.036000000000000004,0.0,0.04739999999999907,16.929900156091318,0.0,0,0,0.005896367180354725
600,0,0,0,1,0,0.0,0.036000000000000004,0.036000000000000004,0.036000000000000004,0.0,0.045899999999999025,16.929900156091318,0.0,0,0,0.004402031481942042
615,1,1,1,1,1,7.433265686035156,0.28600000000050674,0.28600000000050674,0.24584579687550145,0.0005000000000010135,0.04439999999999898,16.090764518641908,0.08333333333333333,0,6,0.0032168535027672376
630,1,1,1,1,1,10.457348823547363,0.9883848533635644,0.9883848533635644,0.9649570558691518,0.0019047697067271288,0.04308670005798234,16.00410029950548,0.3333333333333333,0,21,0.0019863659844238614
645,1,1,1,1,1,10.57272720336914,0.7800093040471836,0.7800093040471836,0.7949172592412805,0.0014880186080943672,0.04352652683257946,15.32891637560518,0.5833333333333335,0,36,0.001099995246040774
660,1,1,1,1,1,10.319417953491211,0.16931899643000828,0.16931899643000828,0.1708749147946046,0.00026663799286001655,0.04469724559783822,15.889297362906248,0.8333333333333343,0,51,0.001478712868896984
675,1,1,1,1,1,9.641985893249512,0.6903562889105015,0.6903562889105015,0.6610316127341311,0.001308712577821003,0.04359128742217899,16.044832945914276,1.0833333333333344,0,66,0.0015326758849031705
690,1,1,1,1,1,9.430475234985352,1.3082405267932735,1.3082405267932735,1.2884711093414118,0.0025821078653376697,0.042375047622557574,16.139580398717627,1.3333333333333335,0,81,0.0011641472072820539
705,1,1,1,1,1,10.071453094482422,1.462149021523605,1.462149021523605,1.4582463438996909,0.0029175132767271517,0.042085179104363685,15.6552516189476,1.5833333333333326,0,96,0.0007609822869443269
720,1,1,1,1,1,10.233511924743652,1.377359510133563,1.377359510133563,1.3814371941358963,0.0027320032262948754,0.04228176504591382,15.59784468419926,1.8333333333333317,0,111,0.0007519321756339343
735,1,1,1,1,1,9.996248245239258,1.4022087223475719,1.4022087223475719,1.3923605177143434,0.002786929516570745,0.04219126689025935,15.585199981054275,2.083333333333331,0,126,0.0009702444508635037
750,1,1,1,1,1,10.49581527709961,1.291869209888736,1.291869209888736,1.304235042321094,0.0025476081872807116,0.042497175713228405,15.45388759350087,2.33333333333333,0,141,0.0011767147418349714
765,1,1,1,1,1,10.686341285705566,0.9602862015857133,0.9602862015857133,0.9753211307498356,0.0018485724031714265,0.04318869585396968,15.710040337257992,2.583333333333329,0,156,0.0016998363208151443
780,1,1,1,1,1,9.604588508605957,1.2129622840724037,1.2129622840724037,1.1836481687364648,0.0023746169969432115,0.0425612609995584,15.90426677194427,2.833333333333328,0,171,0.002133193262138951
795,1,1,1,1,1,9.077202796936035,1.2527091908108872,1.2527091908108872,1.2274565141073142,0.0024611487536164295,0.04248363992067511,15.941867808713788,3.0833333333333273,0,186,0.0021916282597955186
810,1,1,1,1,1,1.142569661140442,1.4511862304764807,1.4511862304764807,1.4461532208962726,0.0028936226210514726,0.04209547079211485,15.503071340356398,3.3333333333333264,0,201,0.0012428102689900702
825,1,1,1,1,1,0.7593758702278137,1.490364795504479,1.490364795504479,1.4893713443784629,0.002979002486092945,0.042018844695177006,14.971434927450852,3.5833333333333255,0,216,0.0007984200634571295
840,1,1,1,1,1,0.8659800887107849,1.498098135700108,1.498098135700108,1.4979020413430897,0.0029958553633080767,0.04200371969821877,14.031564122494428,3.8333333333333246,0,231,0.0005821626729882259
855,1,1,1,1,1,3.21083664894104,1.4996245966739068,1.4996245966739068,1.4995858901931882,0.0029991819025155034,0.04200073422014571,13.988782618846027,4.083333333333324,0,246,0.000659852528835232
870,1,1,1,1,1,3.705749273300171,1.499925900256263,1.499925900256263,1.4999182600993897,0.0029998385181756806,0.042000144925526395,13.904239948436818,4.333333333333323,0,261,0.0006790034699012423
885,1,1,0,1,1,7.1939697265625,0.036000000000000004,0.036000000000000004,0.04576749491311085,0.0,0.05220665480887871,13.904239948436818,4.483333333333323,0,1,0.0023881986283662143
900,0,0,0,1,0,0.0,0.036000000000000004,0.036000000000000004,0.03600006137208818,0.0,0.05181331908500172,13.904239948436818,4.499999999999989,0,0,0.007522470830186744
915,0,0,0,1,0,0.0,0.036000000000000004,0.036000000000000004,0.036000000000385626,0.0,0.050313319085001675,13.904239948436818,4.499999999999989,0,0,0.008785459219305139
930,0,0,0,1,0,0.0,0.036000000000000004,0.036000000000000004,0.036000000000000004,0.0,0.04881331908500163,13.904239948436818,4.499999999999989,0,0,0.008323418797558248
945,0,0,0,1,0,0.0,0.036000000000000004,0.036000000000000004,0.036000000000000004,0.0,0.04731331908500159,13.904239948436818,4.499999999999989,0,0,0.007203256792083871
960,0,0,0,1,0,0.0,0.036000000000000004,0.036000000000000004,0.036000000000000004,0.0,0.045813319085001546,13.904239948436818,4.499999999999989,0,0,0.0058032884482642
975,1,1,1,1,1,7.86332368850708,0.32934045749924645,0.32934045749924645,0.28882636537309136,0.0005866809149984928,0.0443133190850015,13.904239948436818,4.583333333333322,0,5,0.004397704584036155
990,1,1,1,1,1,10.561906814575195,1.0408093448283697,1.0408093448283697,1.017239257103077,0.002009618689656739,0.043002762673258296,13.695496575529008,4.8333333333333215,0,20,0.0033820159868424315
1005,1,1,0,1,1,6.747331142425537,0.036000000000000004,0.036000000000000004,0.05365498669840509,0.0,0.04875482927353613,13.69549657552898,4.983333333333321,2,0,0.004105671777362906
1020,0,0,0,1,0,0.0,0.036000000000000004,0.036000000000000004,0.036000110931555133,0.0,0.04725482927353609,13.69549657552898,4.983333333333321,0,0,0.005528134783636934
1035,0,0,0,1,0,0.0,0.036000000000000004,0.036000000000000004,0.03600000000069702,0.0,0.045754829273536045,13.69549657552898,4.983333333333321,0,0,0.005087282747428265
1050,1,1,1,1,1,8.751302719116211,0.35858536323199686,0.35858536323199686,0.31793157722247045,0.0006451707264639936,0.044254829273536,13.989493929109123,5.13333333333332,0,8,0.004225364508488176
1065,1,1,1,1,1,10.019523620605469,1.1085853632320184,1.1085853632320184,1.0676762739270833,0.0021451707264640366,0.042758733997657054,15.043165900929894,5.3833333333333195,0,23,0.0032357006180742808
1080,1,1,1,1,1,1.3860020637512207,1.4249223070421762,1.4249223070421762,1.4171813575014993,0.002836387027707464,0.0421468381578841,15.486025361329578,5.633333333333319,0,38,0.0018148129217279182
1095,1,1,1,1,1,0.7512799501419067,1.4851806430260794,1.4851806430260794,1.483652672667129,0.0029677049247581605,0.042028983947878074,15.876804261240379,5.883333333333318,0,53,0.001067516886491226
1110,1,1,1,1,1,0.6228686571121216,1.4970748512925476,1.4970748512925476,1.4967732497771287,0.002993625371345933,0.04200572105509177,15.80370867320326,6.133333333333317,0,68,0.0005786208581411156
1125,1,1,1,1,1,1.7162253856658936,1.4994226136143565,1.4994226136143565,1.4993630813900813,0.0029987417310480616,0.0420011292620143,15.587328293289564,6.383333333333316,0,83,0.0002756059417606139
1140,1,1,1,1,1,2.0085949897766113,1.499886031422105,1.499886031422105,1.4998742805337768,0.0029997516340415573,0.0420002229016635,15.476405532118894,6.633333333333315,0,98,4.641650615286579e-05
1155,1,1,1,1,1,9.288591384887695,0.6615748716405934,0.6615748716405934,0.6250153970873971,0.0012511497432811866,0.04364885025671881,15.5150489099829,6.883333333333314,0,113,0.0012099040848913651
1170,1,1,1,1,1,10.191025733947754,1.311613837268726,1.311613837268726,1.2911595342052753,0.0025764596406296636,0.04240373426566135,15.750516661110517,7.133333333333313,0,128,0.0015201977237143415
1185,1,1,1,1,1,9.740135192871094,1.3903848635101443,1.3903848635101443,1.378654972285977,0.0027597365677983765,0.04221629405377269,15.787720339614166,7.383333333333312,0,143,0.0011294674101693775
1200,1,1,1,1,1,10.026299476623535,1.3530971504564695,1.3530971504564695,1.3487716625096715,0.0026748912919167672,0.04228836073188284,16.146609122830228,7.6333333333333115,0,158,0.000981638937278375
1215,1,1,1,1,1,9.898236274719238,1.4212174128042563,1.4212174128042563,1.4162472841893248,0.002824469362118283,0.04216058333880941,16.04661274400841,7.883333333333311,0,173,0.0007406624073066142
1230,1,1,1,1,1,10.293946266174316,1.4214402921977618,1.4214402921977618,1.4219904522072597,0.0028319628543649056,0.042205157080038636,15.952472225580351,8.133333333333317,0,188,0.00040967823349776986
1245,1,1,1,1,1,9.446939468383789,1.4433478007679426,1.4433478007679426,1.4375709403295391,0.0028765423206578294,0.04211081686687725,15.98006579200075,8.38333333333333,0,203,0.00017280952281815282
1260,1,1,1,1,1,7.8556413650512695,1.3215456727450905,1.3215456727450905,1.306709014162187,0.0026125383325171225,0.04234791464038583,15.490994332019598,8.633333333333342,0,218,-9.797671278828548e-05
1275,1,1,1,1,1,6.379182815551758,1.4648350678326933,1.4648350678326933,1.4612093627634817,0.0029233668476036714,0.04206877616430364,15.049080758571101,8.883333333333354,0,233,-0.0011312853271711323
1290,0,0,0,1,0,0.0,0.036000000000000004,0.036000000000000004,0.15552229490898717,0.0,0.06176768518044627,14.843197111565765,9.066666666666697,5,0,-0.0005718829951397303
1305,0,0,0,1,0,0.0,0.036000000000000004,0.036000000000000004,0.036000750994281294,0.0,0.06026768518044623,14.843197111565765,9.066666666666697,0,0,0.009474817475789514
1320,0,0,0,1,0,0.0,0.036000000000000004,0.036000000000000004,0.03600000000471873,0.0,0.058767685180446186,14.843197111565765,9.066666666666697,0,0,0.01344242093262608
1335,0,0,0,1,0,0.0,0.036000000000000004,0.036000000000000004,0.03600000000000003,0.0,0.05726768518044614,14.843197111565765,9.066666666666697,0,0,0.01422062872069653
1350,0,0,0,1,0,0.0,0.036000000000000004,0.036000000000000004,0.036000000000000004,0.0,0.0557676851804461,14.843197111565765,9.066666666666697,0,0,0.013614964338217172
1365,0,0,0,1,0,0.0,0.036000000000000004,0.036000000000000004,0.036000000000000004,0.0,0.05426768518044606,14.843197111565765,9.066666666666697,0,0,0.012458343714682418
1380,0,0,0,1,0,0.0,0.036000000000000004,0.036000000000000004,0.036000000000000004,0.0,0.052767685180446014,14.843197111565765,9.066666666666697,0,0,0.011091019587820779
1395,0,0,0,1,0,0.0,0.036000000000000004,0.036000000000000004,0.036000000000000004,0.0,0.05126768518044597,14.843197111565765,9.066666666666697,0,0,0.009642950819882527
1410,0,0,0,1,0,0.0,0.036000000000000004,0.036000000000000004,0.036000000000000004,0.0,0.04976768518044593,14.843197111565765,9.066666666666697,0,0,0.008164656628263515
1425,0,0,0,1,0,0.0,0.036000000000000004,0.036000000000000004,0.036000000000000004,0.0,0.048267685180445885,14.843197111565765,9.066666666666697,0,0,0.006675730114050343
1440,0,0,0,1,0,0.0,0.036000000000000004,0.036000000000000004,0.036000000000000004,0.0,0.04676768518044584,14.843197111565765,9.066666666666697,0,0,0.005182560624185235
1455,0,0,0,1,0,0.0,0.036000000000000004,0.036000000000000004,0.036000000000000004,0.0,0.0452676851804458,14.843197111565765,9.066666666666697,0,0,0.003687181198937074
1470,1,0,1,1,1,0.0,0.6021574097771196,0.6021574097771196,0.5612534731850816,0.0011323148195542393,0.043767685180445756,14.843197111565765,9.083333333333364,0,2,0.0021833973116266283
1485,1,1,1,1,1,1.8889074325561523,1.2680542480702055,1.2680542480702055,1.244152648024937,0.0024945405822608055,0.04245363511343112,14.965648240968752,9.333333333333377,0,17,0.0005314826910648007
1500,1,1,1,1,1,2.035097360610962,1.4542175417977632,1.4542175417977632,1.4494970780106669,0.0029002286040665445,0.0420895421025702,14.400284825228749,9.583333333333389,0,32,-0.0007147665660920304
1515,1,1,1,1,1,2.8357036113739014,1.4909631370188694,1.4909631370188694,1.490031378724735,0.0029803064214972627,0.04201767444876909,14.631140849930693,9.833333333333401,0,47,-0.0012126765256156476
1530,1,1,1,1,1,2.844590902328491,1.4982162405484183,1.4982162405484183,1.4980323235556265,0.0029961127432314646,0.042003488706767955,14.692155221779524,10.083333333333414,0,62,-0.0012990375105290481
1545,1,1,1,1,1,2.874351978302002,1.4996479090379318,1.4996479090379318,1.4996116062108458,0.002999232705971522,0.042000688625431645,14.877348910952147,10.333333333333426,0,77,-0.00109778592012037
1560,1,1,1,1,1,2.1774680614471436,1.4999305018143203,1.4999305018143203,1.499923336107475,0.0029998485461184554,0.04200013592572167,15.129755862991392,10.583333333333439,0,92,-0.0008798021850776202
1575,1,1,1,1,1,0.8138532638549805,1.499986281960253,1.499986281960253,1.4999848675427345,0.0029999701049696972,0.0420000268299731,15.648443925410113,10.833333333333451,0,107,-0.0007765734426387677
1590,1,0,1,1,1,0.1867123395204544,1.4999972922370162,1.4999972922370162,1.4999970130493572,0.00299999409910906,0.04200000529588843,15.7864406802748,11.083333333333464,0,122,-0.0006318282040150831
1605,1,1,1,1,1,1.5741684436798096,1.4999994655227362,1.4999994655227362,1.4999994104147163,0.0029999988352407275,0.04200000104533963,15.828322988469557,11.333333333333476,0,137,-0.00032797033204949545
1620,1,1,1,1,1,2.670422077178955,1.499999894501123,1.499999894501123,1.4999998836235156,0.0029999997700916325,0.04200000020633648,16.817186975192243,11.583333333333488,0,152,1.9848366358915688e-05
1635,1,1,1,1,1,3.3265955448150635,1.4999999791758918,1.4999999791758918,1.4999999770287937,0.0029999999546190745,0.04200000004072814,16.475558798941695,11.833333333333501,0,167,0.000384773146678433
1650,1,1,1,1,1,7.659294605255127,1.4999999958895929,1.4999999958895929,1.499999995465783,0.002999999991042397,0.042000000008039204,16.22989546028303,12.083333333333513,0,182,0.0006952265260626361
1665,1,1,1,1,1,2.5601823329925537,1.1946357424282077,1.1946357424282077,1.2198811199625164,0.002348637123307025,0.04259236428110358,15.932065515610955,12.333333333333526,0,197,0.0011057214756262552
1680,1,1,1,1,1,1.8383082151412964,1.439435014975938,1.439435014975938,1.4331908018453239,0.0028680138993742305,0.04211845397640579,15.876752818443434,12.583333333333538,0,212,0.0011383650949807573
1695,1,1,1,1,1,2.1370928287506104,1.4880452563884867,1.4880452563884867,1.4868126459672508,0.002973947631796814,0.04202338128883305,15.742176503332972,12.83333333333355,0,227,0.0010676551273773695
1710,1,1,1,1,1,1.928579568862915,1.4976402887868328,1.4976402887868328,1.4973969874886701,0.0029948576006831873,0.04200461516292037,15.280528056378701,13.083333333333563,0,242,0.001097884338527088
1725,1,1,1,1,1,2.213641405105591,1.4995342236362024,1.4995342236362024,1.49948619911806,0.002998984957124577,0.04200091097325443,15.393276066199705,13.333333333333576,0,257,0.0012073148029533667
1740,1,1,1,1,1,2.3287458419799805,1.4999080617916924,1.4999080617916924,1.4998985823751818,0.0029997996437119284,0.04200017981429574,15.921124634601274,13.583333333333588,0,272,0.0013781834267906515
1755,1,1,1,1,1,1.8572739362716675,1.4999818525910624,1.4999818525910624,1.499979981477288,0.0029999604522694123,0.04200003549300794,15.206239575654209,13.8333333333336,0,287,0.0014996148899249712
1770,1,1,1,1,1,1.260420799255371,1.4999964179370344,1.4999964179370344,1.499996048603463,0.002999992193791323,0.042000007005859055,14.752602026009649,14.083333333333613,0,302,0.0013923343284270734
1785,1,1,1,1,1,0.606248676776886,1.4999992929472654,1.4999992929472654,1.4999992200456127,0.002999998459155731,0.042000001382865644,13.42673396085795,14.333333333333625,0,317,0.0010990707575642572
1800,1,1,1,1,1,2.639967679977417,1.4999998604369704,1.4999998604369704,1.4999998460471307,0.002999999695857347,0.04200000027295972,12.83424606828687,14.583333333333638,0,332,0.0012444414164254566
1815,1,1,1,1,1,6.700786113739014,1.4999999724520676,1.4999999724520676,1.4999999696117001,0.0029999999399661845,0.04200000005387871,12.195692533449684,14.83333333333365,0,347,0.0014579415783786509
1830,1,1,1,1,1,6.8831892013549805,1.4999999945623967,1.4999999945623967,1.4999999940017457,0.0029999999881501066,0.042000000010634954,11.75933639236247,15.083333333333663,0,362,0.0017313740628331833
1845,1,1,1,1,1,6.940715789794922,1.4999999989266877,1.4999999989266877,1.4999999988160222,0.002999999997660985,0.0420000000020992,11.759336392362439,15.333333333333675,0,377,0.0018697736560559983
1860,1,1,1,1,1,6.822770118713379,1.4999999997881424,1.4999999997881424,1.4999999997662985,0.0029999999995383095,0.04200000000041435,11.86782206928012,15.583333333333687,0,392,0.0019541588194086955
1875,1,1,1,1,1,8.819635391235352,1.4999999999581848,1.4999999999581848,1.4999999999538733,0.002999999999908874,0.042000000000081784,11.9098053507123,15.8333333333337,0,407,0.0020550731409094834
1890,1,1,1,1,1,7.455941200256348,1.4713609809529178,1.4713609809529178,1.4689180139519764,0.0029377062205860546,0.042055981996863466,12.027432586369702,16.0833333333337,0,422,0.0021230215683768145
1905,1,1,1,1,1,8.457735061645508,1.4789881253634405,1.4789881253634405,1.4773476458492458,0.0029530447737932605,0.04204294599678228,12.494624670185795,16.333333333333687,0,437,0.002137411953162651
1920,1,1,1,1,1,6.949180603027344,1.495666111091735,1.495666111091735,1.4952192694451871,0.0029905553780066735,0.042008476291365504,13.24654006653542,16.583333333333673,0,452,0.002157863446422488
1935,1,1,1,1,1,5.95956563949585,1.4991445465986597,1.4991445465986597,1.4990563438890514,0.002998135753662555,0.04200167311016531,13.799461307777188,16.83333333333366,0,467,0.0021340405678714853
1950,1,1,1,1,1,4.812806606292725,1.4998311446025887,1.4998311446025887,1.4998137345325917,0.002999632021971399,0.042000330250229215,14.94149044889651,17.083333333333645,0,482,0.0021405464669592717
1965,1,1,1,1,1,1.4985841512680054,1.4999666701363348,1.4999666701363348,1.4999632336145046,0.0029999273659135975,0.04200006518710852,15.412952930030688,17.33333333333363,0,497,0.0017607198411529654
1980,1,1,1,1,1,1.0528441667556763,1.4999934211175419,1.4999934211175419,1.4999927427927386,0.0029999856629741514,0.04200001286708908,15.41187833111897,17.583333333333616,0,512,0.001477500489186133
1995,1,1,1,1,1,1.933475375175476,1.4999987014140044,1.4999987014140044,1.4999985675214926,0.0029999971700572087,0.042000002539796355,15.25494460234849,17.833333333333602,0,527,0.001244074176443
2010,1,1,1,1,1,2.621014356613159,1.499999743675977,1.499999743675977,1.499999717247333,0.002999999441406019,0.04200000050132284,15.697394877825895,18.083333333333588,0,542,0.0012243441400123616
2025,1,1,1,1,1,2.692808151245117,1.4999999494049647,1.4999999494049647,1.4999999441882934,0.002999999889740798,0.04200000009895462,15.948347524763435,18.333333333333574,0,557,0.0012191031147311088
2040,1,1,1,1,1,2.605531692504883,1.4999999900132006,1.4999999900132006,1.4999999889834972,0.002999999978236273,0.04200000001953235,16.120630520956443,18.58333333333356,0,572,0.0010586136399138107
2055,1,1,1,1,1,2.409543514251709,1.4999999980287337,1.4999999980287337,1.499999997825484,0.0029999999957041196,0.04200000000385543,16.314534764693533,18.833333333333545,0,587,0.000971194762685171
2070,1,1,1,1,1,3.171613931655884,1.4999999996108941,1.4999999996108941,1.4999999995707762,0.002999999999152042,0.04200000000076102,16.5391776330656,19.08333333333353,0,602,0.00096597912289404
2085,1,1,1,1,1,5.123558521270752,1.499999999923195,1.499999999923195,1.4999999999152758,0.0029999999998326227,0.042000000000150216,16.85592834701816,19.333333333333517,0,617,0.0009913134652382895
2100,1,1,1,1,1,3.046717405319214,1.4999999999848388,1.4999999999848388,1.4999999999832756,0.0029999999999669597,0.04200000000002965,16.05286605888943,19.583333333333503,0,632,0.0006921215950187664
2115,1,1,1,1,1,1.8846980333328247,1.499999999997008,1.499999999997008,1.4999999999967,0.00299999999999348,0.04200000000000585,16.000818209071397,19.83333333333349,0,647,0.0002100254234404797
2130,1,1,1,1,1,1.3368116617202759,1.499999999999409,1.499999999999409,1.4999999999993483,0.002999999999998712,0.042000000000001154,15.945951403537205,20.083333333333474,0,662,-0.00013509410059641368
2145,1,1,1,1,1,1.8959298133850098,1.4999999999998834,1.4999999999998834,1.4999999999998714,0.002999999999999746,0.042000000000000225,15.556152282271649,20.33333333333346,0,677,-0.0003968892695602553
2160,1,1,1,1,1,2.3686821460723877,1.4999999999999758,1.4999999999999758,1.4999999999999731,0.002999999999999947,0.042000000000000044,14.850063063263327,20.583333333333446,0,692,-0.0008451009427828645
2175,1,1,1,1,1,0.8617374897003174,1.4999999999999851,1.4999999999999851,1.499999999999985,0.002999999999999968,0.04200000000000003,14.824566168517325,20.83333333333343,0,707,-0.0010921348311137462
2190,1,1,1,1,1,2.3207991123199463,1.4999999999999851,1.4999999999999851,1.499999999999985,0.002999999999999968,0.04200000000000003,14.917728066152232,21.083333333333417,0,722,-0.0011698908988292617
2205,1,1,0,1,1,4.034657955169678,1.4999999999999851,1.4999999999999851,1.499999999999985,0.002999999999999968,0.05200466295473227,14.162941665576648,21.316666666666737,7,0,-0.0015046629547322433
2220,0,0,0,1,0,0.0,0.036000000000000004,0.036000000000000004,0.036008307917181834,0.0,0.06053215775395278,14.162941665576648,21.316666666666737,0,0,0.00795715731092523
2235,0,0,0,1,0,0.0,0.036000000000000004,0.036000000000000004,0.03600000005220113,0.0,0.059032157753952735,14.162941665576648,21.316666666666737,0,0,0.012940914732400706
2250,0,0,0,1,0,0.0,0.036000000000000004,0.036000000000000004,0.03600000000000034,0.0,0.05753215775395269,14.162941665576648,21.316666666666737,0,0,0.014216064795792979
2265,0,0,0,1,0,0.0,0.036000000000000004,0.036000000000000004,0.036000000000000004,0.0,0.05603215775395265,14.162941665576648,21.316666666666737,0,0,0.013817056127983056
2280,0,0,0,1,0,0.0,0.036000000000000004,0.036000000000000004,0.036000000000000004,0.0,0.054532157753952606,14.162941665576648,21.316666666666737,0,0,0.012740751704306993
2295,0,0,0,1,0,0.0,0.036000000000000004,0.036000000000000004,0.036000000000000004,0.0,0.053032157753952563,14.162941665576648,21.316666666666737,0,0,0.011402823606774163
2310,0,0,0,1,0,0.0,0.036000000000000004,0.036000000000000004,0.036000000000000004,0.0,0.05153215775395252,14.162941665576648,21.316666666666737,0,0,0.009966454524562032
2325,0,0,0,1,0,0.0,0.036000000000000004,0.036000000000000004,0.036000000000000004,0.0,0.05003215775395248,14.162941665576648,21.316666666666737,0,0,0.008492753660031988
2340,0,0,0,1,0,0.0,0.036000000000000004,0.036000000000000004,0.036000000000000004,0.0,0.048532157753952435,14.162941665576648,21.316666666666737,0,0,0.00700503665704371
2355,0,0,0,1,0,0.0,0.036000000000000004,0.036000000000000004,0.036000000000000004,0.0,0.04703215775395239,14.162941665576648,21.316666666666737,0,0,0.005513211247230806
2370,0,0,0,1,0,0.0,0.036000000000000004,0.036000000000000004,0.036000000000000004,0.0,0.04553215775395235,14.162941665576648,21.316666666666737,0,0,0.004018820773539038
2385,0,0,0,1,1,0.0,0.4699211230238449,0.4699211230238449,0.42905515380691145,0.0008678422460476898,0.044032157753952306,14.162941665576648,21.316666666666737,0,0,0.0024449805004174087
2400,1,1,1,1,1,2.664196729660034,1.1913913844515662,1.1913913844515662,1.159529645525364,0.0023272453435720306,0.042603891328949414,14.511106127156731,21.533333333333392,0,14,0.0008462733329119643
2415,1,1,1,1,1,3.96012282371521,1.4390552469832918,1.4390552469832918,1.4327714543384569,0.002867186181943905,0.04211919677390135,13.886912315329798,21.783333333333378,0,29,-0.0006139164095439213
2430,1,1,0,1,1,4.263254165649414,0.0,0.0,0.6683462943452564,0.0,0.06205102591750153,13.860814002062337,22.000000000000032,7,0,-0.0015839810701654532
2445,0,0,0,1,0,0.0,0.036000000000000004,0.036000000000000004,0.036003696755511676,0.0,0.060551025917501486,13.860814002062337,22.000000000000032,0,0,0.008315303689231725
2460,0,0,0,1,0,0.0,0.036000000000000004,0.036000000000000004,0.03600000002322783,0.0,0.05905102591750144,13.860814002062337,22.000000000000032,0,0,0.013039089046900636
2475,0,0,0,1,0,0.0,0.036000000000000004,0.036000000000000004,0.03600000000000016,0.0,0.0575510259175014,13.860814002062337,22.000000000000032,0,0,0.014215152850357606
2490,0,0,0,1,0,0.0,0.036000000000000004,0.036000000000000004,0.036000000000000004,0.0,0.05605102591750136,13.860814002062337,22.000000000000032,0,0,0.013781448397426555
2505,0,0,0,1,0,0.0,0.036000000000000004,0.036000000000000004,0.036000000000000004,0.0,0.054551025917501314,13.860814002062337,22.000000000000032,0,0,0.01269214796981381
2520,0,0,0,1,0,0.0,0.036000000000000004,0.036000000000000004,0.036000000000000004,0.0,0.05305102591750127,13.860814002062337,22.000000000000032,0,0,0.011349811430335508
2535,0,0,0,1,0,0.0,0.036000000000000004,0.036000000000000004,0.036000000000000004,0.0,0.05155102591750123,13.860814002062337,22.000000000000032,0,0,0.009911631273607087
2550,0,0,0,1,0,0.0,0.036000000000000004,0.036000000000000004,0.036000000000000004,0.0,0.050051025917501185,13.860814002062337,22.000000000000032,0,0,0.008437367917974
2565,0,0,0,1,0,0.0,0.036000000000000004,0.036000000000000004,0.036000000000000004,0.0,0.04855102591750114,13.860814002062337,22.000000000000032,0,0,0.006949651189966934
2580,0,0,0,1,0,0.0,0.036000000000000004,0.036000000000000004,0.036000000000000004,0.0,0.0470510259175011,13.860814002062337,22.000000000000032,0,0,0.0054569978311362335
2595,0,0,0,1,0,0.0,0.036000000000000004,0.036000000000000004,0.036000000000000004,0.0,0.045551025917501056,13.860814002062337,22.000000000000032,0,0,0.003963171136005998
2610,1,1,1,1,1,1.1362559795379639,0.46048704124949114,0.46048704124949114,0.4196282106196168,0.0008489740824989822,0.04405102591750101,13.860814002062313,22.033333333333363,0,2,0.0023823506767342312
2625,1,1,1,1,1,3.6073668003082275,1.1853171427763671,1.1853171427763671,1.1528032100899075,0.0023139418805651416,0.0426158610504726,13.836144083733934,22.28333333333335,0,17,0.0009051845134200385
2640,1,1,1,1,1,2.508164882659912,1.4378479333637668,1.4378479333637668,1.4314396590589618,0.0028645551444661105,0.0421215580581713,13.829125680383642,22.533333333333335,0,32,-0.00010007812964352614
2655,1,1,1,1,1,1.9070781469345093,1.4877319888046947,1.4877319888046947,1.4864670784915048,0.00297326494359252,0.04202399398284811,14.204920455577817,22.78333333333332,0,47,-0.0005003731192407281
2670,1,1,1,1,1,1.610686182975769,1.4975784538321035,1.4975784538321035,1.4973287769551522,0.0029947228468933246,0.042004736100765924,14.703828550594798,23.033333333333307,0,62,-0.0005821307107022398
2685,1,1,1,1,1,2.0679666996002197,1.4995220182187736,1.4995220182187736,1.499472735244135,0.0029989583584755994,0.04200093484481534,14.734204028921322,23.283333333333292,0,77,-0.0003615499539988982
2700,1,1,1,1,1,1.3261479139328003,1.499905652600718,1.499905652600718,1.4998959247812305,0.0029997943934838706,0.04200018452623201,14.850661684105606,23.533333333333278,0,92,-0.00020246209197145567
2715,1,1,1,1,1,0.6621395945549011,1.4999813770480317,1.4999813770480317,1.499979456902735,0.002999959415942534,0.042000036423083004,15.352987062890227,23.783333333333264,0,107,-1.4917975662542219e-05
2730,1,0,1,1,1,0.0,1.4999963240710126,1.4999963240710126,1.4999959450592542,0.002999991989233848,0.0420000071894438,15.844264652451335,24.03333333333325,0,122,0.00015765183795641213
2745,1,0,1,1,1,0.45472079515457153,1.4999992744193298,1.4999992744193298,1.4999991996073279,0.0029999984187787376,0.042000001419102886,16.235854921406602,24.283333333333236,0,137,0.0005485297006276807
2760,1,1,1,1,1,0.6758598685264587,1.4999998567797959,1.4999998567797959,1.499999842012878,0.0029999996878874516,0.042000000280112484,16.147871756191382,24.53333333333322,0,152,0.0007675632030848228
2775,1,1,1,1,1,1.6658668518066406,1.4999999717301904,1.4999999717301904,1.4999999688153924,0.002999999938393033,0.042000000055290566,16.443584481430154,24.783333333333207,0,167,0.0009339260599421069
2790,1,1,1,1,1,2.2233779430389404,1.4999999944199098,1.4999999944199098,1.499999993844566,0.002999999987839591,0.042000000010913634,16.72040812201378,25.033333333333193,0,182,0.001207282943951964
2805,1,1,1,1,1,2.2855894565582275,1.4999999988985626,1.4999999988985626,1.4999999987849977,0.0029999999975996935,0.04200000000215421,16.54591927413897,25.28333333333318,0,197,0.0015036168255109208
2820,1,1,1,1,1,4.631415843963623,1.4999999997825861,1.4999999997825861,1.4999999997601705,0.002999999999526201,0.04200000000042522,16.451081837732257,25.533333333333164,0,212,0.0018230819560395553
2835,1,1,1,1,1,4.734265327453613,1.4999999999570863,1.4999999999570863,1.4999999999526608,0.0029999999999064803,0.04200000000008393,16.294534670010357,25.78333333333315,0,227,0.002047371299031682
2850,1,1,1,1,1,12.000595092773438,1.0079699567593754,1.0079699567593754,1.089995414355129,0.001953989663802072,0.04334612935475261,15.974824378136034,26.033333333333136,0,242,0.0025722261873552137
2865,1,1,1,1,1,4.915515422821045,1.04692084203289,1.04692084203289,1.0060661242954638,0.0020218416840657796,0.042878158315934216,15.505429608552776,26.283333333333122,0,257,0.003198591296363933
2880,1,1,1,1,1,2.737739324569702,1.4113575658548272,1.4113575658548272,1.402217975005989,0.0028068260285914054,0.04217336836405759,15.336526786067948,26.533333333333108,0,272,0.002829706794280223
2895,1,1,1,1,1,2.8956284523010254,1.4825031340691233,1.4825031340691233,1.4806990954347201,0.0029618699648892646,0.04203422066497639,15.109530801921709,26.783333333333093,0,287,0.0025530419040319186
2910,1,1,1,1,1,1.6884087324142456,1.4965463457792296,1.4965463457792296,1.4961902519696855,0.0029924736260071583,0.04200675471507299,14.663011639509936,27.03333333333308,0,302,0.002324111741077821
2925,1,1,1,1,1,0.5366473197937012,1.4993182934861708,1.4993182934861708,1.4992480051903596,0.0029985143914681503,0.042001333293077404,13.424988098361366,27.283333333333065,0,317,0.0019486674725221094
2940,1,1,1,1,1,1.1609586477279663,1.499865439982898,1.499865439982898,1.499851565985666,0.0029997067601593985,0.04200026317474699,12.845745516286174,27.53333333333305,0,332,0.0018858395456130674
2955,1,1,1,1,1,4.086898326873779,1.4999734395992448,1.4999734395992448,1.49997070105228,0.0029999421182617877,0.04200005194727898,12.333358084743244,27.783333333333037,0,347,0.002055835197815549
2970,1,1,1,1,1,5.267562389373779,1.499994757321651,1.499994757321651,1.4999942167680276,0.002999988574896195,0.042000010253718585,11.779836840287281,28.033333333333022,0,362,0.002319820088738554
2985,1,1,1,1,1,7.708501815795898,1.4999989651633425,1.4999989651633425,1.4999988584650739,0.002999997744832804,0.042000002023950954,11.531324257262654,28.283333333333008,0,377,0.002445695816692051
3000,1,1,1,1,1,8.794882774353027,1.4999997957366784,1.4999997957366784,1.4999997746758256,0.002999999554859273,0.04200000039950164,11.244109523890966,28.533333333332994,0,392,0.0026066790423104414
3015,1,1,1,1,1,7.738283634185791,1.4999999596810705,1.4999999596810705,1.4999999555239318,0.0029999999121349957,0.04200000007885644,11.864169411469856,28.78333333333298,0,407,0.0027033005861175343
3030,1,1,1,1,1,3.191922426223755,1.499999992041571,1.499999992041571,1.4999999912210056,0.002999999982656598,0.042000000015565225,12.301909824261864,29.033333333332966,0,422,0.0025980005717347035
3045,1,0,1,1,1,0.014444373548030853,1.0466406753145892,1.0466406753145892,1.032317643185344,0.0020212813506291782,0.042882140216922306,12.330997248126968,29.28333333333295,0,437,0.0026911943688926374
3060,1,0,1,1,1,0.00805627927184105,1.410517863066462,1.410517863066462,1.4012919196989477,0.002804996164267895,0.04217501064762303,12.330997248126968,29.533333333332937,0,452,0.0027739510720422656
3075,1,1,1,1,1,0.6080040335655212,1.4823373866618839,1.4823373866618839,1.4805162584128064,0.0029615087599469056,0.04203454483654594,12.803517360103573,29.783333333332923,0,467,0.0026350703495839753
3090,1,0,1,1,1,0.29028165340423584,1.4965136293924794,1.4965136293924794,1.4961541623144945,0.0029924023288399743,0.042006818702333026,12.830629552389642,30.03333333333291,0,482,0.0025874111983708505
3105,1,1,1,1,1,2.072514057159424,1.4993118356960975,1.4993118356960975,1.499240881560882,0.0029985003183328127,0.04200134592333196,11.593734904736433,30.283333333332894,0,497,0.002382303824538587
3120,1,1,1,1,1,6.871726036071777,1.4998641652989668,1.4998641652989668,1.4998501598736786,0.002999703982305167,0.04200026566779528,11.43038848608386,30.53333333333288,0,512,0.002308398072183148
3135,1,1,1,1,1,9.085807800292969,1.4999731879931826,1.4999731879931826,1.4999704235040257,0.00299994156994942,0.04200005243937436,11.486240301696693,30.783333333332866,0,527,0.002486010385821978
3150,1,1,1,1,1,10.149713516235352,1.4589425277950117,1.4589425277950117,1.4616981866220407,0.002910898298405483,0.042108405012236595,12.106007736970216,31.033333333332852,0,542,0.002717821400179275
3165,1,1,1,1,1,8.499960899353027,1.4834752700205913,1.4834752700205913,1.481774921330445,0.0029639893039136514,0.042032319116885326,12.443503380534791,31.283333333332838,0,557,0.0027328656961892626
3180,1,1,1,1,1,8.374098777770996,1.496738208473946,1.496738208473946,1.4964018969597381,0.002992891742681983,0.04200637946678179,13.193222447765898,31.533333333332823,0,572,0.0026725451259297732
3195,1,1,1,1,1,5.382129669189453,1.4993561646915767,1.4993561646915767,1.4992897811589354,0.0029985969222709533,0.04200125922393625,13.818781458428562,31.78333333333281,0,587,0.0027032511797665973
3210,1,1,1,1,1,3.694246768951416,1.4998729152672687,1.4998729152672687,1.4998598120196016,0.002999723050668604,0.042000248554459954,14.676672604438835,32.0333333333328,0,602,0.0026442039148460383
3225,1,1,1,1,1,0.7287607192993164,1.4999749151233541,1.4999749151233541,1.499972328712348,0.002999945333796862,0.042000049061424086,14.870580220621788,32.283333333332784,0,617,0.0023766573099822767
3240,1,1,1,1,1,2.252525568008423,1.499995048570961,1.499995048570961,1.4999945380470003,0.002999989209601088,0.04200000968408828,15.379285987698815,32.53333333333277,0,632,0.0022592118017352634
3255,1,1,1,1,1,2.910292863845825,1.4999990226521756,1.4999990226521756,1.4999989218813732,0.0029999978701153104,0.04200000191151333,15.886407951589206,32.783333333332756,0,647,0.0022548413999780893
3270,1,1,1,1,1,3.60819935798645,1.4999998070842255,1.4999998070842255,1.4999997871933766,0.0029999995795884082,0.04200000037730792,16.129009605425228,33.03333333333274,0,662,0.0023819811029729162
3285,1,1,1,1,1,3.806995153427124,1.4999999619209303,1.4999999619209303,1.4999999579947354,0.002999999917016209,0.042000000074475685,16.538729028607214,33.28333333333273,0,677,0.0023479323909779003
3300,1,1,1,1,1,4.705864429473877,1.4605985337579555,1.4605985337579555,1.4605221959952412,0.0029152071629158574,0.04207659988439766,16.78869949622731,33.53333333333271,0,692,0.002408369788224282
3315,1,1,1,1,1,4.309669494628906,1.4922138932915032,1.4922138932915032,1.4914111253448832,0.0029830321388919154,0.04201522819578309,16.56157384170198,33.7833333333327,0,707,0.002116173766691892
3330,1,1,1,1,1,3.879446029663086,1.4984631234789099,1.4984631234789099,1.4983046616933762,0.002996650762717129,0.042003005848975795,16.59258079387181,34.033333333332685,0,722,0.001907002089677806
3345,1,1,1,1,1,3.0604076385498047,1.4996966405238012,1.4996966405238012,1.499665362224171,0.0029993389040343377,0.04200059331557111,16.49122831270767,34.28333333333267,0,737,0.001598384331673032
3360,1,1,1,1,1,1.9959067106246948,1.499940120777088,1.499940120777088,1.4999339468467414,0.002999869508237586,0.042000117112792335,16.34488350109496,34.533333333332656,0,752,0.0012568279536836501
3375,1,1,1,1,1,0.9822019934654236,1.4999881806186433,1.4999881806186433,1.4999869619649313,0.0029999742426199127,0.042000023116545056,16.394502167160304,34.78333333333264,0,767,0.001013300970922876
3390,1,1,1,1,1,0.8343693614006042,1.4999976670075397,1.4999976670075397,1.4999974264611153,0.00299999491582751,0.04200000456290593,15.715723855322919,35.03333333333263,0,782,0.0006465152356283817
3405,1,0,1,1,1,0.0,1.4999995394975671,1.4999995394975671,1.4999994920168263,0.0029999989964503357,0.04200000090065841,15.273688692911382,35.283333333332614,0,797,0.00032974068535520946
3420,1,0,1,1,1,0.0,1.499999909102795,1.499999909102795,1.4999998997307125,0.0029999998019123175,0.04200000017777828,15.048385848440349,35.5333333333326,0,812,6.894751360153953e-05
3435,1,0,1,1,1,0.0,1.499999982058069,1.499999982058069,1.4999999802081414,0.002999999960900057,0.04200000003509113,15.136329666786368,35.783333333332585,0,827,-0.0001532846965104943
3450,1,1,1,1,1,1.327510118484497,1.4999999964584978,1.4999999964584978,1.499999996093346,0.0029999999922821832,0.04200000000692653,14.326521953515796,36.03333333333257,0,842,-0.0004242799674923723
3465,1,1,1,1,1,2.8320436477661133,1.4999999993009567,1.4999999993009567,1.49999999922888,0.00299999999847661,0.0420000000013672,13.823836840908438,36.28333333333256,0,857,-0.0006520230539011091
3480,1,1,1,1,1,2.8452024459838867,1.4999999998620162,1.4999999998620162,1.4999999998477889,0.0029999999996992988,0.04200000000026987,13.802639560326817,36.53333333333254,0,872,-0.0007262333095162023
3495,1,1,1,1,1,2.9043071269989014,1.4999999999727647,1.4999999999727647,1.4999999999699565,0.0029999999999406474,0.042000000000053266,13.850934375940758,36.78333333333253,0,887,-0.000992351094403346
3510,1,1,1,1,1,5.924302101135254,1.4999999999946232,1.4999999999946232,1.4999999999940685,0.002999999999988283,0.042000000000010515,14.00416406888995,37.033333333332514,0,902,-0.0010350127511236581
3525,1,1,1,1,1,3.777930498123169,1.4999999999989377,1.4999999999989377,1.499999999998828,0.002999999999997685,0.04200000000000208,13.882565068807835,37.2833333333325,0,917,-0.001144141084781703
3540,1,1,1,1,1,3.774462938308716,1.4999999999997913,1.4999999999997913,1.4999999999997693,0.0029999999999995447,0.042000000000000405,13.919804145001827,37.533333333332486,0,932,-0.001457746598553405
3555,0,0,0,1,0,0.0,0.036000000000000004,0.036000000000000004,0.03609117055892262,0.0,0.06081645282471302,14.020570040458754,37.56666666666582,0,0,0.006361391686014178
3570,0,0,0,1,0,0.0,0.036000000000000004,0.036000000000000004,0.03600000057285186,0.0,0.05931645282471298,14.020570040458754,37.56666666666582,0,0,0.012467492535741444
3585,0,0,0,1,0,0.0,0.036000000000000004,0.036000000000000004,0.036000000000003606,0.0,0.057816452824712934,14.020570040458754,37.56666666666582,0,0,0.01427835210611982
3600,0,0,0,1,0,0.0,0.036000000000000004,0.036000000000000004,0.036000000000000004,0.0,0.05631645282471289,14.020570040458754,37.56666666666582,0,0,0.014097816679548757
3615,0,0,0,1,0,0.0,0.036000000000000004,0.036000000000000004,0.036000000000000004,0.0,0.05481645282471285,14.020570040458754,37.56666666666582,0,0,0.013103672386979497
3630,0,0,0,1,0,0.0,0.036000000000000004,0.036000000000000004,0.036000000000000004,0.0,0.053316452824712805,14.020570040458754,37.56666666666582,0,0,0.011796329362421403
3645,0,0,0,1,0,0.0,0.036000000000000004,0.036000000000000004,0.036000000000000004,0.0,0.05181645282471276,14.020570040458754,37.56666666666582,0,0,0.010370614656372328
3660,0,0,0,1,0,0.0,0.036000000000000004,0.036000000000000004,0.036000000000000004,0.0,0.05031645282471272,14.020570040458754,37.56666666666582,0,0,0.008900731242183612
3675,0,0,0,1,0,0.0,0.036000000000000004,0.036000000000000004,0.036000000000000004,0.0,0.048816452824712676,14.020570040458754,37.56666666666582,0,0,0.007413486288887625
3690,0,0,0,1,0,0.0,0.036000000000000004,0.036000000000000004,0.036000000000000004,0.0,0.04731645282471263,14.020570040458754,37.56666666666582,0,0,0.005920786601133753
3705,0,0,0,1,0,0.0,0.036000000000000004,0.036000000000000004,0.036000000000000004,0.0,0.04581645282471259,14.020570040458754,37.56666666666582,0,0,0.00442627093302856
3720,0,0,0,1,1,0.0,0.327773587643724,0.327773587643724,0.28727250643761404,0.000583547175287448,0.04431645282471255,14.020570040458754,37.56666666666582,0,0,0.002919963439803356
3735,1,1,1,1,1,2.305690288543701,1.0777735876437455,1.0777735876437455,1.0368644992983003,0.002083547175287491,0.04282113740785092,13.783613834688746,37.733333333332475,0,11,0.0012833174989383628
3750,1,1,1,1,1,2.1289734840393066,1.4170743448130745,1.4170743448130745,1.408524185540284,0.002819284313675674,0.04216218739339592,13.69653755447467,37.98333333333246,0,26,-0.0003443538208782
3765,1,1,1,1,1,6.788727283477783,1.4836315519134755,1.4836315519134755,1.48194386036629,0.002964329068833628,0.04203201368635762,13.696902546316968,38.233333333332446,0,41,-0.0008379457071366783
3780,1,1,1,1,1,6.518669605255127,1.496769080814539,1.496769080814539,1.4964359524098023,0.00299295902120595,0.04200631908614081,13.816850895645254,38.48333333333243,0,56,-0.0007141886804036867
3795,1,1,1,1,1,5.942438125610352,1.4993622584909845,1.4993622584909845,1.499296503267985,0.002998610202179841,0.04200124730558077,13.938440541830284,38.73333333333242,0,71,-0.000516901115932684
3810,1,1,1,1,1,5.1914381980896,1.4998741181041753,1.4998741181041753,1.499861138876676,0.002999725671950247,0.04200024620193128,13.82203769166654,38.9833333333324,0,86,-0.00038682806270791273
3825,1,1,1,1,1,4.069904804229736,1.4999751525477432,1.4999751525477432,1.499972590616708,0.0029999458512038266,0.04200004859706547,13.95505130459224,39.23333333333239,0,101,-0.00026918470618390476
3840,1,1,1,1,1,4.232669830322266,1.4999950954354524,1.4999950954354524,1.4999945897435205,0.002999989311730504,0.042000009592429915,14.276129600331897,39.483333333332375,0,116,-0.00016210432875934976
3855,1,1,1,1,1,1.5718556642532349,1.4999990319026208,1.4999990319026208,1.499998932085597,0.0029999978902743377,0.04200000189342115,14.303495035354231,39.73333333333236,0,131,-0.00010996503191472722
3870,1,0,1,1,1,0.0034316349774599075,1.4999998089101427,1.4999998089101427,1.4999997892075587,0.0029999995835675378,0.04200000037373676,14.764152818277092,39.98333333333235,0,146,-4.3302265832907824e-05
3885,1,0,1,1,1,0.15551358461380005,1.499999962281342,1.499999962281342,1.499999958392308,0.0029999999178016365,0.042000000073770784,14.835045362016873,40.23333333333233,0,161,0.0002824697840809879
3900,1,0,1,1,1,0.0,1.4999999925548246,1.4999999925548246,1.4999999917871802,0.0029999999837751062,0.042000000014561396,15.636134166565737,40.48333333333232,0,176,0.0006032661712704513
3915,1,0,1,1,1,0.0,1.49999999853042,1.49999999853042,1.4999999983788972,0.0029999999967974186,0.042000000002874224,15.909180237478108,40.733333333332304,0,191,0.0009282692100543361
3930,1,0,1,1,1,0.0,1.4999999997099223,1.4999999997099223,1.4999999996800149,0.0029999999993678486,0.04200000000056734,16.421426431073396,40.98333333333229,0,206,0.0012333431146542115
3945,1,0,1,1,1,0.1718924343585968,1.499999999942742,1.499999999942742,1.4999999999368385,0.0029999999998752205,0.04200000000011198,16.285261037449718,41.233333333332276,0,221,0.0015410904795747234
3960,1,1,1,1,1,1.284340739250183,1.4999999999886977,1.4999999999886977,1.4999999999875318,0.0029999999999753696,0.0420000000000221,16.401281383010883,41.48333333333226,0,236,0.0017698655452176343
3975,1,1,1,1,1,2.835702657699585,1.4999999999977658,1.4999999999977658,1.4999999999975362,0.0029999999999951316,0.04200000000000437,16.402022362211348,41.73333333333225,0,251,0.002051805784188398
3990,1,1,1,1,1,1.9036314487457275,1.499999999999565,1.499999999999565,1.499999999999519,0.002999999999999052,0.04200000000000085,16.50225899339245,41.98333333333223,0,266,0.0023210672293484834
4005,1,1,1,1,1,2.1163578033447266,1.4999999999999118,1.4999999999999118,1.4999999999999034,0.0029999999999998084,0.04200000000000017,16.378818071634463,42.23333333333222,0,281,0.0025144769349317937
4020,1,1,1,1,1,2.479337453842163,1.4999999999999856,1.4999999999999856,1.4999999999999827,0.002999999999999968,0.04200000000000003,16.46813536046645,42.483333333332205,0,296,0.0027077053936139317
4035,1,1,1,1,1,6.675564765930176,1.4999999999999851,1.4999999999999851,1.499999999999985,0.002999999999999968,0.04200000000000003,17.051779776783203,42.73333333333219,0,311,0.0030782162689811108
4050,1,1,1,1,1,6.843564987182617,1.4999999999999851,1.4999999999999851,1.499999999999985,0.002999999999999968,0.04200000000000003,16.64329828915746,42.983333333332176,0,326,0.0034211348705657438
4065,1,1,1,1,1,8.591302871704102,1.2185139977137156,1.2185139977137156,1.3077843709150843,0.0024204065163930047,0.04253389538248823,15.673925987519917,43.23333333333216,0,341,0.003615109802909482
4080,1,1,0,1,1,0.932737410068512,0.036000000000000004,0.036000000000000004,0.03613444028728574,0.0,0.04751766333986651,14.882254323862165,43.34999999999882,0,1,0.0062075836029421155
4095,1,1,1,1,1,1.2049291133880615,0.036000000000000004,0.036000000000000004,0.03600000084472849,0.0,0.04601766333986647,14.693817718280973,43.48333333333215,0,8,0.007123429823143655
4110,1,1,1,1,1,3.0257568359375,0.2271683300667849,0.2271683300667849,0.18829892123198824,0.0003823366601335698,0.044517663339866426,14.320021957244581,43.683333333332136,0,11,0.006548016088251463
4125,1,1,1,1,1,7.4024152755737305,0.9417034710580163,0.9417034710580163,0.9008540275699753,0.0018114069421160325,0.04308859305788396,13.086846565225656,43.93333333333212,0,26,0.005566918116569752
4140,1,1,1,1,1,6.597115993499756,1.3886774919354388,1.3886774919354388,1.3771994857264969,0.002757400507211155,0.04221772642246274,12.202650113277887,44.18333333333211,0,41,0.004108982992221486
4155,1,1,1,1,1,3.1548142433166504,1.4780263824297513,1.4780263824297513,1.4757607621074689,0.0029521140064299387,0.042042976371206194,11.214995934495006,44.433333333332094,0,56,0.0031168913311551156
4170,1,1,1,1,1,4.292722225189209,1.4956626931150458,1.4956626931150458,1.4952154890717062,0.002990547926442211,0.04200848297783136,10.795115413405243,44.68333333333208,0,71,0.002723326783159504
4185,1,1,1,1,1,2.7113091945648193,1.499143871920309,1.499143871920309,1.4990555996469817,0.0029981342833701255,0.042001674429712595,10.78575351526121,44.933333333332065,0,86,0.002536875685058367
4200,1,1,1,1,1,3.448636293411255,1.4998310114298439,1.4998310114298439,1.4998135876288856,0.0029996317317547705,0.042000330510690714,11.20899829308258,45.18333333333205,0,101,0.0026234141439258124
4215,1,1,1,1,1,1.9976986646652222,1.4999666438497663,1.4999666438497663,1.499963204617623,0.0029999273086286082,0.042000065238520234,11.112637989786881,45.43333333333204,0,116,0.0027068455934754817
4230,1,1,1,1,1,1.1626453399658203,1.499993415928913,1.499993415928913,1.4999927370691304,0.0029999856516668352,0.042000012877237085,11.157327135409668,45.68333333333202,0,131,0.0027148068286806364
4245,1,1,1,1,1,0.6749693155288696,1.4999987003898305,1.4999987003898305,1.4999985663917212,0.0029999971678252788,0.04200000254179945,10.84580185663269,45.93333333333201,0,146,0.002759612500116779
4260,1,0,1,1,1,0.45199519395828247,1.4999997434738204,1.4999997434738204,1.4999997170243322,0.0029999994409654687,0.04200000050171822,11.014652302279229,46.183333333331994,0,161,0.002837472832489216
4275,1,0,1,1,1,0.0,1.4999999493650618,1.4999999493650618,1.499999944144276,0.00299999988965384,0.04200000009903266,10.892264684311318,46.43333333333198,0,176,0.0029282102795538333
4290,1,0,1,1,1,0.0,1.4999999900053231,1.4999999900053231,1.4999999889748072,0.002999999978219106,0.042000000019547755,11.142233772220735,46.683333333331966,0,191,0.0030313348056357626
4305,1,0,1,1,1,0.0,1.499999998027177,1.499999998027177,1.4999999978237666,0.0029999999957007265,0.04200000000385848,12.494410147096188,46.93333333333195,0,206,0.003306125645978265
4320,1,0,1,1,1,0.0,1.4999999996105886,1.4999999996105886,1.4999999995704392,0.002999999999151376,0.042000000000761616,10.929500998473221,47.18333333333194,0,221,0.0033852620148742845
4335,1,0,1,1,1,0.0,1.4999999999231377,1.4999999999231377,1.499999999915212,0.0029999999998324978,0.04200000000015033,11.095136233608319,47.43333333333192,0,236,0.0031895365399135524
4350,1,0,1,1,1,0.2700013816356659,1.499999999984829,1.499999999984829,1.499999999983265,0.002999999999966939,0.042000000000029666,10.971317663316661,47.68333333333191,0,251,0.0029967213295100095
4365,1,1,1,1,1,0.9540000557899475,1.4857580059464108,1.4857580059464108,1.485270463159159,0.0029691764267266232,0.04202781517654268,10.99853272979158,47.933333333331895,0,266,0.002901963668861977
4380,1,1,1,1,1,1.8900436162948608,1.4436647088873011,1.4436647088873011,1.440204730021411,0.0028778578355918988,0.04210991735894307,10.942250280293212,48.18333333333188,0,281,0.002978730613745013
4395,1,1,1,1,1,2.6449482440948486,1.483088401780736,1.483088401780736,1.4813466095098309,0.002963145924288299,0.04203307576320201,10.811632086498365,48.433333333331866,0,296,0.0028193210514790784
4410,1,1,1,1,1,2.1628663539886475,1.4966618663170952,1.4966618663170952,1.4963176834268688,0.0029927253740770557,0.04200652877805871,10.586433942785597,48.68333333333185,0,311,0.002585975693266413
4425,1,1,1,1,1,2.2576141357421875,1.4993410957407973,1.4993410957407973,1.4992731585030827,0.002998564083268554,0.042001288696043894,10.360594478331095,48.93333333333184,0,326,0.002501887805946921
4440,1,1,1,1,1,2.1468565464019775,1.4998699408519858,1.4998699408519858,1.4998565309231044,0.0029997165686757934,0.042000254371871444,11.399278549456469,49.183333333331824,0,341,0.0023288792099464446
4455,1,1,1,1,1,1.0782599449157715,1.499974328012385,1.499974328012385,1.4999716810664876,0.002999944054335617,0.042000050209705604,11.804388980738903,49.43333333333181,0,356,0.0024043863351842464
4470,1,1,1,1,1,5.98991584777832,1.4999949326828723,1.4999949326828723,1.4999944102101104,0.002999988957052037,0.04200000991074415,12.549319742467633,49.683333333331795,0,371,0.0026978896998759343
4485,1,1,1,1,1,4.799844264984131,1.4999989997773722,1.4999989997773722,1.4999988966480318,0.0029999978202654085,0.04200000195625225,14.103179877746882,49.93333333333178,0,386,0.0031143816765739196
4500,1,1,1,1,1,11.725959777832031,1.283984765473514,1.283984765473514,1.3811915118101068,0.00256796948241355,0.04274422011532233,14.977366004676242,50.18333333333177,0,401,0.0032490818793598454
4515,1,1,1,1,1,11.005857467651367,1.2016367622629358,1.2016367622629358,1.1711364998016145,0.0023498025760235464,0.04276001794522939,16.827565613126342,50.43333333333175,0,416,0.004217523083585461
4530,1,1,1,1,1,12.211236953735352,1.2053377953245916,1.2053377953245916,1.2943049604800572,0.0023912841120054193,0.042993825767763894,17.292154132600153,50.68333333333174,0,431,0.004387660924946727
4545,1,1,1,1,1,5.682239532470703,1.3945394093369812,1.3945394093369812,1.3836685359146852,0.0027701757811477642,0.04220626132953511,16.226604772661236,50.933333333331724,0,446,0.004022688455863393
4560,1,1,1,1,1,4.852611541748047,1.4791834369599384,1.4791834369599384,1.4770371163704574,0.0029546355168608013,0.042040713384473155,16.25676014401722,51.18333333333171,0,461,0.003461086198948844
4575,1,1,1,1,1,3.975996255874634,1.4958910806603476,1.4958910806603476,1.4954674248316993,0.0029910456398701823,0.04200803629362497,16.398297242080936,51.433333333331696,0,476,0.00309018288869129
4590,1,1,1,1,1,3.3152620792388916,1.499188952657222,1.499188952657222,1.4991053284958131,0.0029982325255403577,0.04200158626004833,16.44497090640109,51.68333333333168,0,491,0.002820263471716218
4605,1,1,1,1,1,1.7364765405654907,1.4998399097821473,1.4998399097821473,1.4998234034581488,0.002999651123483958,0.04200031310714346,16.08479381951244,51.93333333333167,0,506,0.0024692122034610585
4620,1,1,1,1,1,3.3369483947753906,1.4999684002690126,1.4999684002690126,1.4999651421349114,0.00299993113630425,0.042000061803285894,16.194828058376544,52.18333333333165,0,521,0.002220813804567222
4635,1,1,1,1,1,1.193246841430664,1.499993762623278,1.499993762623278,1.4999931195098972,0.002999986407200332,0.04200001219916641,16.407440867672904,52.43333333333164,0,536,0.0020858930522795584
4650,1,0,1,1,1,0.0,1.4999987688228011,1.4999987688228011,1.4999986418805675,0.0029999973169577906,0.04200000240795709,15.93195652976433,52.683333333331625,0,551,0.0017633069391674288
4665,1,0,1,1,1,0.0,1.4999997569815997,1.4999997569815997,1.4999997319248504,0.0029999994704022898,0.042000000475299476,15.5013119998026,52.93333333333161,0,566,0.001315874807507565
4680,1,0,1,1,1,0.0,1.4999999520313203,1.4999999520313203,1.4999999470854435,0.0029999998954642823,0.04200000009381795,15.021302816932918,53.183333333331596,0,581,0.001056539857756064
4695,1,0,1,1,1,0.0,1.4999999905316028,1.4999999905316028,1.4999999895553517,0.002999999979366001,0.042000000018518446,14.771021081742706,53.43333333333158,0,596,0.0007640690593425461
4710,1,0,1,1,1,0.15571631491184235,1.4999999981310606,1.4999999981310606,1.4999999979383607,0.002999999995927115,0.0420000000036553,14.664180257026885,53.68333333333157,0,611,0.000539823501923063
4725,1,1,1,1,1,1.9555110931396484,1.4999999996310975,1.4999999996310975,1.4999999995930606,0.0029999999991960694,0.0420000000007215,14.181403163292588,53.933333333331554,0,626,0.00015969094011664174
4740,1,1,1,1,1,3.04733943939209,1.4999999999271845,1.4999999999271845,1.4999999999196774,0.002999999999841317,0.04200000000014241,13.452962160704292,54.18333333333154,0,641,-0.0002515603846921944
4755,1,1,1,1,1,4.515798568725586,1.4999999999856315,1.4999999999856315,1.4999999999841491,0.0029999999999686874,0.0420000000000281,13.60479076652884,54.433333333331525,0,656,-0.00035517894464295787
4770,1,1,1,1,1,3.802502155303955,1.4999999999971643,1.4999999999971643,1.4999999999968718,0.00299999999999382,0.04200000000000555,13.670364467587941,54.68333333333151,0,671,-0.00044495009504910915
4785,1,1,1,1,1,5.531460285186768,1.499999999999441,1.499999999999441,1.4999999999993834,0.0029999999999987814,0.04200000000000109,13.673544905793436,54.9333333333315,0,686,-0.00042612880016209935
4800,1,1,1,1,1,4.517107009887695,1.4999999999998868,1.4999999999998868,1.4999999999998754,0.002999999999999753,0.04200000000000022,13.293541883397799,55.18333333333148,0,701,-0.00063879956521928
4815,1,1,1,1,1,4.2289886474609375,1.4999999999999791,1.4999999999999791,1.4999999999999765,0.002999999999999954,0.04200000000000004,12.458831151283908,55.43333333333147,0,716,-0.0013659603976647209
4830,0,0,0,1,0,0.0,0.036000000000000004,0.036000000000000004,0.036091170558922636,0.0,0.06098486052545254,12.136257550948931,55.4666666666648,0,0,0.006261242339268561
4845,0,0,0,1,0,0.0,0.036000000000000004,0.036000000000000004,0.03600000057285186,0.0,0.059484860525452495,12.136257550948931,55.4666666666648,0,0,0.012563907317027431
4860,0,0,0,1,0,0.0,0.036000000000000004,0.036000000000000004,0.036000000000003606,0.0,0.05798486052545245,12.136257550948931,55.4666666666648,0,0,0.014482783051918555
4875,0,0,0,1,0,0.0,0.036000000000000004,0.036000000000000004,0.036000000000000004,0.0,0.05648486052545241,12.136257550948931,55.4666666666648,0,0,0.014341081589500853
4890,0,0,0,1,0,0.0,0.036000000000000004,0.036000000000000004,0.036000000000000004,0.0,0.054984860525452366,12.136257550948931,55.4666666666648,0,0,0.013357538681205572
4905,0,0,0,1,0,0.0,0.036000000000000004,0.036000000000000004,0.036000000000000004,0.0,0.05348486052545232,12.136257550948931,55.4666666666648,0,0,0.012051427192270005
4920,0,0,0,1,0,0.0,0.036000000000000004,0.036000000000000004,0.036000000000000004,0.0,0.05198486052545228,12.136257550948931,55.4666666666648,0,0,0.010625330796970847
4935,0,0,0,1,0,0.0,0.036000000000000004,0.036000000000000004,0.036000000000000004,0.0,0.05048486052545224,12.136257550948931,55.4666666666648,0,0,0.00915459698618786
4950,0,0,0,1,0,0.0,0.036000000000000004,0.036000000000000004,0.036000000000000004,0.0,0.048984860525452194,12.136257550948931,55.4666666666648,0,0,0.007667589997671081
4965,0,0,0,1,0,0.0,0.036000000000000004,0.036000000000000004,0.036000000000000004,0.0,0.04748486052545215,12.136257550948931,55.4666666666648,0,0,0.006174650287436397
4980,0,0,0,1,0,0.0,0.036000000000000004,0.036000000000000004,0.036000000000000004,0.0,0.04598486052545211,12.136257550948931,55.4666666666648,0,0,0.00467908287431595
4995,0,0,0,1,1,0.0,0.2435697372739653,0.2435697372739653,0.20419849183137354,0.0004151394745479306,0.044484860525452065,12.136257550948931,55.4666666666648,0,0,0.003183849132071194
5010,1,0,1,1,1,0.40216055512428284,0.9935697372739868,0.9935697372739868,0.9526606560276372,0.0019151394745479736,0.04298486052545202,11.82622232339179,55.61666666666479,0,10,0.001384314085079954
5025,1,1,1,1,1,4.011327743530273,1.400499472784708,1.400499472784708,1.3902403549089184,0.0027831635370669447,0.04219460480619593,11.481102098993318,55.86666666666478,0,25,-0.0004323112571522998
5040,1,1,1,1,1,5.3100738525390625,1.4803598871935213,1.4803598871935213,1.4783348661168658,0.0029571992953567813,0.0420384124633008,11.576054029650829,56.11666666666476,0,40,-0.0012940955486234326
5055,1,1,1,1,1,5.329387187957764,1.4961232966659008,1.4961232966659008,1.4957235837906486,0.0029915516964679756,0.042007582121651565,12.086826253649484,56.36666666666475,0,55,-0.0008698539921455483
5070,1,1,1,1,1,5.065825939178467,1.4992347890824913,1.4992347890824913,1.4991558909492966,0.0029983324145440096,0.04200149661239606,12.531055466150592,56.616666666664734,0,70,-0.0005660473823821406
5085,1,1,1,1,1,1.7767162322998047,1.4998489572975253,1.4998489572975253,1.4998333838301523,0.0029996708402766914,0.04200029541186055,13.223733223996689,56.86666666666472,0,85,-0.00038795413125927844
5100,1,1,1,1,1,1.172163724899292,1.4999701861311052,1.4999701861311052,1.4999671121307934,0.0029999350281431983,0.04200005831046675,13.18400430698787,57.116666666664706,0,100,-0.000358896373957647
5115,1,1,1,1,1,1.3064093589782715,1.4999941151292708,1.4999941151292708,1.4999935083615104,0.002999987175398816,0.042000011509729256,12.942494195951799,57.36666666666469,0,115,-0.00030330926043255213
5130,1,1,1,1,1,1.3766028881072998,1.4999988384029015,1.4999988384029015,1.4999987186348211,0.002999997468590185,0.04200000227187116,12.419147280793911,57.61666666666468,0,130,-0.0002107631102073672
5145,1,1,1,1,1,2.3147292137145996,1.4999997707158053,1.4999997707158053,1.4999997470751412,0.0029999995003325494,0.04200000044843789,12.28506416352162,57.86666666666466,0,145,-1.969722919108706e-05
5160,1,1,1,1,1,2.423140287399292,1.4999999547422802,1.4999999547422802,1.49999995007592,0.00299999990137214,0.04200000008851581,12.287914516939749,58.11666666666465,0,160,0.00021188390761327507
5175,1,1,1,1,1,4.089050769805908,1.4999999910667121,1.4999999910667121,1.4999999901456342,0.002999999980532138,0.042000000017471874,11.952177040093778,58.366666666664635,0,175,0.00041932688125846066
5190,1,1,1,1,1,2.1207149028778076,1.4999999982366825,1.4999999982366825,1.4999999980548735,0.002999999996157292,0.04200000000344872,12.41286088136443,58.61666666666462,0,190,0.000610689187869396
5205,1,1,1,1,1,1.634700059890747,1.4999999996519469,1.4999999996519469,1.49999999961606,0.0029999999992415052,0.04200000000068073,13.268300181049463,58.86666666666461,0,205,0.0007811698735377038
5220,1,0,1,1,1,0.021346883848309517,1.4999999999312983,1.4999999999312983,1.4999999999242144,0.002999999999850282,0.04200000000013437,14.455742389983273,59.11666666666459,0,220,0.0010672971248970211
5235,1,0,1,1,1,0.0,1.4999999999864404,1.4999999999864404,1.4999999999850417,0.00299999999997045,0.042000000000026516,14.712462417563717,59.36666666666458,0,235,0.0014176694992283272
5250,1,0,1,1,1,0.0,1.4999999999973266,1.4999999999973266,1.4999999999970508,0.002999999999994174,0.04200000000000523,15.268171272182572,59.616666666664564,0,250,0.0016759279661384188
5265,1,0,1,1,1,0.0,1.4999999999994695,1.4999999999994695,1.4999999999994151,0.002999999999998844,0.042000000000001037,15.454801711595955,59.86666666666455,0,265,0.0019820299385066645
5280,1,0,1,1,1,0.0,1.499999999999896,1.499999999999896,1.499999999999885,0.0029999999999997737,0.042000000000000204,15.633675708140379,60.116666666664536,0,280,0.002230630031827068
5295,1,0,1,1,1,0.0,1.4999999999999791,1.4999999999999791,1.4999999999999765,0.002999999999999954,0.04200000000000004,15.49096278746994,60.36666666666452,0,295,0.0024348190438300593
5310,1,0,1,1,1,0.0,1.4999999999999851,1.4999999999999851,1.499999999999985,0.002999999999999968,0.04200000000000003,15.25340239524094,60.61666666666451,0,310,0.002583979035613317
5325,1,0,1,1,1,0.0,1.4999999999999851,1.4999999999999851,1.499999999999985,0.002999999999999968,0.04200000000000003,15.728147139800209,60.86666666666449,0,325,0.002783285393186468
5340,1,0,1,1,1,0.0,1.4999999999999851,1.4999999999999851,1.499999999999985,0.002999999999999968,0.04200000000000003,15.540539407571233,61.11666666666448,0,340,0.0029425775183398927
5355,1,0,1,1,1,0.16601717472076416,1.4999999999999851,1.4999999999999851,1.499999999999985,0.002999999999999968,0.04200000000000003,15.752540803146848,61.366666666664464,0,355,0.0031285114920816598
5370,1,1,1,1,1,5.964229583740234,1.4999999999999851,1.4999999999999851,1.499999999999985,0.002999999999999968,0.04200000000000003,15.955566832077004,61.61666666666445,0,370,0.0034010849995094305
5385,1,1,1,1,1,4.989299297332764,1.4999999999999851,1.4999999999999851,1.499999999999985,0.002999999999999968,0.04200000000000003,15.885487909757158,61.866666666664436,0,385,0.0037166374513582646
5400,1,1,1,1,1,7.098747253417969,1.4999999999999851,1.4999999999999851,1.499999999999985,0.002999999999999968,0.04200000000000003,15.399559096235244,62.11666666666442,0,400,0.003701093956225316
5415,1,1,1,1,1,10.629007339477539,0.7683030851414051,0.7683030851414051,1.0053886047709863,0.001495638129368683,0.04353016333852682,14.175500619579347,62.36666666666441,0,415,0.003968933484796255
5430,1,1,0,1,1,2.5301148891448975,0.2758334727959327,0.2758334727959327,0.23689098167245776,0.00047966694559186535,0.04442033305440813,13.286962995227075,62.533333333331065,0,1,0.005284941145649473
5445,1,1,1,1,1,3.7515809535980225,1.0258334727959542,1.0258334727959542,0.984924394243596,0.0019796669455919083,0.04292033305440809,11.470056243562235,62.78333333333105,0,16,0.005050157121579101
5460,1,1,1,1,1,2.076127529144287,1.4072201540430522,1.4072201540430522,1.3976539744383898,0.002797809580117279,0.04218146037943451,9.443876740429731,63.033333333331036,0,31,0.004043988635353135
5475,1,1,1,1,1,5.447726726531982,1.4816864630344997,1.4816864630344997,1.479798220400162,0.0029600902350023772,0.04203581792393592,9.207832206490771,63.28333333333102,0,46,0.003335757139471437
5490,1,1,1,1,1,3.8208463191986084,1.496385145517601,1.496385145517601,1.496012430931456,0.002992122330428851,0.042007069993258754,8.142718558107656,63.53333333333101,0,61,0.00311523314959165
5505,1,1,1,1,1,3.6686506271362305,1.4992864746469494,1.4992864746469494,1.4992129056255792,0.002998445050280907,0.04200139552489888,7.721718582776572,63.783333333330994,0,76,0.0030484437526414393
5520,1,1,1,1,1,3.3543834686279297,1.4998591593570545,1.4998591593570545,1.499844637787181,0.0029996930731091068,0.042000275458500755,7.750966722239014,64.03333333333099,0,91,0.0031238685264916616
5535,1,1,1,1,1,3.400411605834961,1.4999721998852338,1.4999721998852338,1.4999693335158342,0.002999939416615735,0.04200005437193252,7.6205438944983035,64.28333333333097,0,106,0.0031876620288154517
5550,1,1,1,1,1,3.386397361755371,1.4999945126181988,1.4999945126181988,1.4999939468340853,0.0029999880416263364,0.042000010732313714,7.6609128547796255,64.53333333333096,0,121,0.003203195335015403
5565,1,1,1,1,1,4.284796714782715,1.4999989168620596,1.4999989168620596,1.4999988051836197,0.0029999976395722605,0.04200000211841942,7.838982863142462,64.78333333333094,0,136,0.0032850541152403727
5580,1,1,1,1,1,0.821893572807312,1.4999997862026275,1.4999997862026275,1.499999764158754,0.0029999995340821983,0.0420000004181485,8.015274753619424,65.03333333333093,0,151,0.0032813981466329363
5595,1,1,1,1,1,4.190112113952637,1.4999999577991738,1.4999999577991738,1.4999999534479993,0.0029999999080338735,0.042000000082537084,8.175316902252838,65.28333333333092,0,166,0.003257238512900901
5610,1,1,1,1,1,4.406728744506836,1.4999999916701106,1.4999999916701106,1.4999999908112447,0.002999999981847093,0.042000000016291734,8.213967886831709,65.5333333333309,0,181,0.0032398247919578757
5625,1,1,1,1,1,5.667936325073242,1.4999999983557861,1.4999999983557861,1.4999999981862575,0.002999999996416848,0.04200000000321578,8.638871320159952,65.78333333333089,0,196,0.00330600346700142
5640,1,1,1,1,1,5.267958164215088,1.4999999996754514,1.4999999996754514,1.4999999996419895,0.002999999999292728,0.04200000000063476,9.43882664363968,66.03333333333087,0,211,0.0033883297412345193
5655,1,1,1,1,1,5.14569091796875,1.4999999999359408,1.4999999999359408,1.499999999929336,0.002999999999860399,0.042000000000125284,11.776721787629468,66.28333333333086,0,226,0.003309988995963938
5670,1,1,1,1,1,2.7465622425079346,1.4999999999873543,1.4999999999873543,1.4999999999860498,0.0029999999999724414,0.04200000000002473,13.002821267844237,66.53333333333084,0,241,0.0033690268045860846
5685,1,1,1,1,1,2.7359113693237305,1.4999999999975018,1.4999999999975018,1.4999999999972435,0.0029999999999945556,0.04200000000000489,14.917176786276448,66.78333333333083,0,256,0.0036000223844050946
5700,1,1,1,1,1,3.957693576812744,1.474959712421739,1.474959712421739,1.473285935305597,0.0029456901660741275,0.04204884725057064,15.783447452230993,67.03333333333082,0,271,0.003936062135321243
5715,1,1,1,1,1,3.8938775062561035,1.4950574765009175,1.4950574765009175,1.4945478773839218,0.0029892290101670646,0.04200966667004827,16.09518772591104,67.2833333333308,0,286,0.003998848033616106
5730,1,1,1,1,1,4.187277317047119,1.4990244099882857,1.4990244099882857,1.4989238204267825,0.0029978739460228415,0.04200190807537058,15.834690165001238,67.53333333333079,0,301,0.0037532494126410205
5745,1,1,1,1,1,5.84757661819458,1.4998074311951062,1.4998074311951062,1.4997875761213342,0.002999580344541654,0.042000376629310825,15.993512249315245,67.78333333333077,0,316,0.003643386391500101
5760,1,1,1,1,1,2.8794450759887695,1.4999619894175082,1.4999619894175082,1.4999580702836701,0.0029999171654597617,0.042000074341737206,15.479720045389707,68.03333333333076,0,331,0.0033363634673914755
5775,1,1,1,1,1,0.6812565922737122,1.4999924972043999,1.4999924972043999,1.4999917236182525,0.0029999836495369636,0.042000014674093956,15.496917234508878,68.28333333333075,0,346,0.003082881826901045
5790,1,0,1,1,1,0.027249544858932495,1.4999985190455347,1.4999985190455347,1.4999983663496699,0.002999996772630825,0.04200000289647567,15.392236460389714,68.53333333333073,0,361,0.0028098629328039758
5805,1,0,1,1,1,0.0,1.4999997076788105,1.4999997076788105,1.4999996775386293,0.0029999993629592145,0.0420000005717267,15.76009153550024,68.78333333333072,0,376,0.002742865003349159
5820,1,0,1,1,1,0.0,1.4999999422995962,1.4999999422995962,1.4999999363503154,0.0029999998742564274,0.04200000011285142,15.415626376319183,69.0333333333307,0,391,0.002570908573288074
5835,1,0,1,1,1,0.0,1.4999999886106885,1.4999999886106885,1.4999999874363783,0.00299999997517985,0.042000000022275406,15.280127483795878,69.28333333333069,0,406,0.002365006488715561
5850,1,0,1,1,1,0.0,1.4999999977518976,1.4999999977518976,1.4999999975201037,0.0029999999951008244,0.042000000004396874,14.816768613484856,69.53333333333067,0,421,0.002101496112994271
5865,1,0,1,1,1,0.0,1.4999999995562525,1.4999999995562525,1.4999999995104996,0.0029999999990329637,0.042000000000867885,14.392565655052413,69.78333333333066,0,436,0.0017129365314781562
5880,1,0,1,1,1,0.00819450430572033,1.499999999912414,1.499999999912414,1.4999999999033822,0.0029999999998091276,0.0420000000001713,13.427389485182081,70.03333333333065,0,451,0.0013879916270658488
5895,1,0,1,1,1,0.3719090521335602,1.4999999999827116,1.4999999999827116,1.4999999999809295,0.0029999999999623245,0.04200000000003381,12.521546534501786,70.28333333333063,0,466,0.0009986951919971928
5910,1,1,1,1,1,0.7684560418128967,1.4999999999965845,1.4999999999965845,1.499999999996233,0.0029999999999925572,0.04200000000000668,12.506361991402727,70.53333333333062,0,481,0.0008101101455912909
5925,1,1,1,1,1,2.7428600788116455,1.499999999999323,1.499999999999323,1.4999999999992537,0.0029999999999985247,0.04200000000000132,12.204706616600273,70.7833333333306,0,496,0.0006244744343167747
5940,1,1,1,1,1,1.9663652181625366,1.4999999999998677,1.4999999999998677,1.4999999999998537,0.0029999999999997112,0.04200000000000026,12.428158209934734,71.03333333333059,0,511,0.0005190327727755536
5955,1,1,1,1,1,0.6514099836349487,1.4999999999999725,1.4999999999999725,1.4999999999999698,0.00299999999999994,0.04200000000000005,12.355790776202445,71.28333333333057,0,526,0.00039357685277624293
5970,1,1,1,1,1,2.7002060413360596,1.4999999999999851,1.4999999999999851,1.499999999999985,0.002999999999999968,0.04200000000000003,12.649402853286302,71.53333333333056,0,541,0.00025254267875532985
5985,1,1,1,1,1,1.3722107410430908,1.4999999999999851,1.4999999999999851,1.499999999999985,0.002999999999999968,0.04200000000000003,13.105079431890408,71.78333333333055,0,556,0.00021458376219580296
6000,1,1,1,1,1,1.1597627401351929,1.4999999999999851,1.4999999999999851,1.499999999999985,0.002999999999999968,0.04200000000000003,13.328340578229648,72.03333333333053,0,571,3.962894679943778e-05
6015,1,1,1,1,1,0.7475837469100952,1.4999999999999851,1.4999999999999851,1.499999999999985,0.002999999999999968,0.04200000000000003,13.485635491216064,72.28333333333052,0,586,-0.0002731774540757261
6030,1,1,1,1,1,1.4552830457687378,1.4999999999999851,1.4999999999999851,1.499999999999985,0.002999999999999968,0.04200000000000003,12.499044726483627,72.5333333333305,0,601,-0.0007716782279307147
6045,1,1,1,1,1,1.185421109199524,1.4999999999999851,1.4999999999999851,1.499999999999985,0.002999999999999968,0.04200000000000003,12.565408948431688,72.78333333333049,0,616,-0.0010935848103703935
6060,1,1,1,1,1,4.655221462249756,1.4999999999999851,1.4999999999999851,1.499999999999985,0.002999999999999968,0.04200000000000003,10.705536094591007,73.03333333333048,0,631,-0.0014620234490501623
6075,1,1,1,1,1,5.836642742156982,1.4999999999999851,1.4999999999999851,1.499999999999985,0.002999999999999968,0.04200000000000003,9.83434577623275,73.28333333333046,0,646,-0.0014074670527045394
6090,0,0,0,1,0,0.0,0.036000000000000004,0.036000000000000004,0.03822333324609373,0.0,0.06122063209743884,9.395001652363584,73.38333333333046,0,0,0.003403210838953994
6105,0,0,0,1,0,0.0,0.036000000000000004,0.036000000000000004,0.03600001396986692,0.0,0.059720632097438796,9.395001652363584,73.38333333333046,0,0,0.010933258141727825
6120,0,0,0,1,0,0.0,0.036000000000000004,0.036000000000000004,0.03600000000008778,0.0,0.05822063209743875,9.395001652363584,73.38333333333046,0,0,0.013473331407009057
6135,0,0,0,1,0,0.0,0.036000000000000004,0.036000000000000004,0.036000000000000004,0.0,0.05672063209743871,9.395001652363584,73.38333333333046,0,0,0.013601203943658324
6150,0,0,0,1,0,0.0,0.036000000000000004,0.036000000000000004,0.036000000000000004,0.0,0.05522063209743867,9.395001652363584,73.38333333333046,0,0,0.012726981839431273
6165,0,0,0,1,0,0.0,0.036000000000000004,0.036000000000000004,0.036000000000000004,0.0,0.053720632097438624,9.395001652363584,73.38333333333046,0,0,0.011464066641998139
6180,0,0,0,1,0,0.0,0.036000000000000004,0.036000000000000004,0.036000000000000004,0.0,0.05222063209743858,9.395001652363584,73.38333333333046,0,0,0.010055947127934445
6195,0,0,0,1,0,0.0,0.036000000000000004,0.036000000000000004,0.036000000000000004,0.0,0.05072063209743854,9.395001652363584,73.38333333333046,0,0,0.00859275411282081
6210,0,0,0,1,0,0.0,0.036000000000000004,0.036000000000000004,0.036000000000000004,0.0,0.049220632097438495,9.395001652363584,73.38333333333046,0,0,0.007110112433565588
6225,0,0,0,1,0,0.0,0.036000000000000004,0.036000000000000004,0.036000000000000004,0.0,0.04772063209743845,9.395001652363584,73.38333333333046,0,0,0.005620482414961646
6240,0,0,0,1,0,0.0,0.036000000000000004,0.036000000000000004,0.036000000000000004,0.0,0.04622063209743841,9.395001652363584,73.38333333333046,0,0,0.004127115372775215
6255,1,1,1,1,1,2.3747377395629883,0.12568395128081467,0.12568395128081467,0.09514795114644935,0.00017936790256162932,0.044720632097438366,9.526505320141597,73.43333333333045,0,4,0.0026575022445993715
6270,1,1,1,1,1,8.628832817077637,0.8756839512808362,0.8756839512808362,0.834774925548972,0.0016793679025616723,0.04322063209743832,7.974783028444121,73.68333333333044,0,19,0.0011521713854505834
6285,1,1,1,1,1,8.950276374816895,1.2891167180900585,1.2891167180900585,1.267799617643238,0.002540511591510093,0.04241245211925656,7.996517830007962,73.93333333333042,0,34,-7.131282542401128e-05
6300,1,1,1,1,1,9.337262153625488,1.4265250068573287,1.4265250068573287,1.4196561550507756,0.002840362626396739,0.0421431934293201,8.050641865329832,74.18333333333041,0,49,-0.0008863665191853969
6315,1,1,1,1,1,8.829150199890137,1.4855369376038992,1.4855369376038992,1.4840457073354114,0.0029684813804067983,0.04202828710070535,8.409266785504576,74.4333333333304,0,64,-0.0010273865087695954
6330,1,1,1,1,1,7.86509370803833,1.4971451791888963,1.4971451791888963,1.4968508289288216,0.0029937786333739877,0.042005583506608,9.509206326313853,74.68333333333038,0,79,-0.0010045437814131797
6345,1,1,1,1,1,6.095399856567383,1.4994364954282287,1.4994364954282287,1.4993783945076293,0.0029987719829830325,0.042001102111729006,12.1159301778216,74.93333333333037,0,94,-0.0009527449866240666
6360,1,1,1,1,1,2.4948034286499023,1.499888771511973,1.499888771511973,1.4998773031444121,0.0029997576053808414,0.042000217542549595,13.00399326105366,75.18333333333035,0,109,-0.00045863894879296513
6375,1,1,1,1,1,2.9899163246154785,1.4999780449402385,1.4999780449402385,1.4999757812333439,0.0029999521544485236,0.04200004294007553,15.014373504763805,75.43333333333034,0,124,0.00011637159171641815
6390,1,1,1,1,1,1.0881388187408447,1.4999956663561862,1.4999956663561862,1.4999952195298283,0.0029999905559091877,0.04200000847581353,14.976213960272228,75.68333333333032,0,139,0.0004635456174660545
6405,1,1,1,1,1,1.5292404890060425,1.4999991445949645,1.4999991445949645,1.4999990563972405,0.002999998135859064,0.04200000167301557,15.673413080486126,75.93333333333031,0,154,0.0008069816626634719
6420,1,1,1,1,1,1.140918493270874,1.4999998311541487,1.4999998311541487,1.499999813745064,0.0029999996320427755,0.04200000033023156,14.454877298675084,76.1833333333303,0,169,0.000847228664104172
6435,1,1,1,1,1,1.6665929555892944,1.4999999666720225,1.4999999666720225,1.4999999632356946,0.0029999999273700242,0.04200000006518342,13.997599116141306,76.43333333333028,0,184,0.0008853589913275595
6450,1,0,1,1,1,0.22916294634342194,1.4999999934214887,1.4999999934214887,1.4999999927432017,0.002999999985663783,0.04200000001286636,13.672110350131467,76.68333333333027,0,199,0.0009220303451385369
6465,1,0,1,1,1,0.2122945636510849,1.499999998701491,1.499999998701491,1.4999999985676058,0.0029999999971702246,0.042000000002539645,13.103855463603958,76.93333333333025,0,214,0.000951605207101246
6480,1,0,1,1,1,0.21174457669258118,1.4999999997436928,1.4999999997436928,1.4999999997172653,0.0029999999994414425,0.04200000000050129,12.983051818638502,77.18333333333024,0,229,0.0009950544087091538
6495,1,0,1,1,1,0.11073049157857895,1.4999999999494094,1.4999999999494094,1.4999999999441935,0.0029999999998897506,0.042000000000098944,12.831322736855915,77.43333333333022,0,244,0.0010705249345388766
6510,1,0,1,1,1,0.13906222581863403,1.4999999999900127,1.4999999999900127,1.4999999999889835,0.0029999999999782354,0.04200000000001953,13.302634422928104,77.68333333333021,0,259,0.001261002807651047
6525,1,0,1,1,1,0.4364382326602936,1.4999999999980302,1.4999999999980302,1.4999999999978266,0.0029999999999957075,0.042000000000003854,13.77681423751321,77.9333333333302,0,274,0.0014574592577257788
6540,1,0,1,1,1,0.20900222659111023,1.4999999999996096,1.4999999999996096,1.4999999999995692,0.002999999999999149,0.04200000000000076,14.373226743672893,78.18333333333018,0,289,0.0018330515474035362
6555,1,0,1,1,1,0.0,1.4999999999999216,1.4999999999999216,1.4999999999999134,0.002999999999999829,0.04200000000000015,15.074471588733974,78.43333333333017,0,304,0.002227097253360003
6570,1,0,1,1,1,0.0,1.4999999999999853,1.4999999999999853,1.499999999999984,0.002999999999999968,0.04200000000000003,15.288846772173025,78.68333333333015,0,319,0.002527862487549933
6585,1,0,1,1,1,0.0,1.4999999999999851,1.4999999999999851,1.499999999999985,0.002999999999999968,0.04200000000000003,15.775812332179907,78.93333333333014,0,334,0.00278315470613614
6600,1,0,1,1,1,0.0,1.4999999999999851,1.4999999999999851,1.499999999999985,0.002999999999999968,0.04200000000000003,15.676731545015192,79.18333333333013,0,349,0.003013682097248018
6615,1,1,1,1,1,0.7603621482849121,1.4999999999999851,1.4999999999999851,1.499999999999985,0.002999999999999968,0.04200000000000003,15.980717827080706,79.43333333333011,0,364,0.0032175044053051475
6630,1,1,1,1,1,0.5962969660758972,1.4999999999999851,1.4999999999999851,1.499999999999985,0.002999999999999968,0.04200000000000003,16.01076999718538,79.6833333333301,0,379,0.0033965699457299435
6645,1,1,1,1,1,2.2204504013061523,1.4999999999999851,1.4999999999999851,1.499999999999985,0.002999999999999968,0.04200000000000003,16.69387415514314,79.93333333333008,0,394,0.003609451308568594
6660,1,1,1,1,1,1.5023025274276733,1.4999999999999851,1.4999999999999851,1.499999999999985,0.002999999999999968,0.04200000000000003,16.968973473292913,80.18333333333007,0,409,0.003906236414577704
6675,1,1,1,1,1,2.6127758026123047,1.4999999999999851,1.4999999999999851,1.499999999999985,0.002999999999999968,0.04200000000000003,17.589171993972347,80.43333333333005,0,424,0.004234238678222663
6690,1,1,1,1,1,3.398672342300415,1.4999999999999851,1.4999999999999851,1.499999999999985,0.002999999999999968,0.04200000000000003,16.986865451057305,80.68333333333004,0,439,0.004430627991527299
6705,1,1,1,1,1,3.541147470474243,1.4999999999999851,1.4999999999999851,1.499999999999985,0.002999999999999968,0.04200000000000003,16.05125070850294,80.93333333333003,0,454,0.004487978699380656
6720,1,1,1,1,1,2.8407654762268066,1.4565113067626834,1.4565113067626834,1.476081218719469,0.0029130226135253637,0.042080333280563376,14.965175945829554,81.18333333333001,0,469,0.0042980458295598725
6735,1,1,1,1,1,1.8610413074493408,1.4915503950340938,1.4915503950340938,1.490679357946235,0.002981586246476639,0.04201652586387488,13.462467159141914,81.43333333333,0,484,0.00406783435944086
6750,1,1,1,1,1,0.9568914771080017,1.4983321568875727,1.4983321568875727,1.49816019161101,0.0029963653538478477,0.04200326199564007,12.479234236618886,81.68333333332998,0,499,0.003822053523048729
6765,1,1,1,1,1,1.6140234470367432,1.4996707894186496,1.4996707894186496,1.4996368457049591,0.002999282568028165,0.04200064387559781,10.689191723685793,81.93333333332997,0,514,0.0037032698877515484
6780,1,1,1,1,1,2.7719902992248535,1.4999350181044824,1.4999350181044824,1.4999283180559988,0.002999858388241218,0.04200012709268533,10.044558649987128,82.18333333332995,0,529,0.003592370793767006
6795,1,1,1,1,1,1.4598041772842407,1.499987173417305,1.499987173417305,1.4999858509147024,0.00299997204767697,0.04200002508644639,9.868670662669878,82.43333333332994,0,544,0.003532641012928951
6810,1,1,1,1,1,1.6477153301239014,1.4999974681990724,1.4999974681990724,1.4999972071542256,0.002999994482574271,0.04200000495173888,10.058967267755007,82.68333333332993,0,559,0.0035538834892924727
6825,1,1,1,1,1,1.5383152961730957,1.4999995002553599,1.4999995002553599,1.4999994487284964,0.002999998910931778,0.042000000977408976,10.185478877888889,82.93333333332991,0,574,0.0035791049063979277
6840,1,1,1,1,1,2.637601613998413,1.499999901356892,1.499999901356892,1.4999998911861578,0.0029999997850320634,0.04200000019292785,11.579639147634863,83.1833333333299,0,589,0.0035443025796632424
6855,1,1,1,1,1,1.271019697189331,1.4999999805291335,1.4999999805291335,1.4999999785215625,0.002999999957568125,0.04200000003808145,12.403230534346628,83.43333333332988,0,604,0.0036640597717194027
6870,1,1,1,1,1,0.8919064402580261,1.4999999961567048,1.4999999961567048,1.4999999957604362,0.002999999991624501,0.04200000000751678,14.520012088452765,83.68333333332987,0,619,0.004018865299940035
6885,1,1,1,1,1,1.0340471267700195,1.4999999992413824,1.4999999992413824,1.4999999991631645,0.0029999999983467834,0.04200000000148371,15.623501341545426,83.93333333332986,0,634,0.0043497009844445595
6900,1,1,1,1,1,2.670238971710205,1.4999999998502571,1.4999999998502571,1.4999999998348188,0.0029999999996736734,0.042000000000292866,16.303487651076274,84.18333333332984,0,649,0.004316232376719641
6915,1,1,1,1,1,3.2450995445251465,1.4999999999704436,1.4999999999704436,1.499999999967395,0.002999999999935589,0.042000000000057804,17.47605374635648,84.43333333332983,0,664,0.004618640745421548
6930,1,1,1,1,1,2.614579677581787,1.499999999994168,1.499999999994168,1.499999999993567,0.0029999999999872906,0.0420000000000114,17.4526615435144,84.68333333332981,0,679,0.00456444209572473
6945,1,1,1,1,1,3.0249524116516113,1.4999999999988485,1.4999999999988485,1.4999999999987303,0.002999999999997491,0.04200000000000225,16.74212058950581,84.9333333333298,0,694,0.004243563210858172
6960,1,1,1,1,1,1.7607736587524414,1.499999999999772,1.499999999999772,1.4999999999997489,0.002999999999999503,0.04200000000000045,16.994248952086622,85.18333333332978,0,709,0.0040637507149265135
6975,1,1,1,1,1,1.4166772365570068,1.4999999999999567,1.4999999999999567,1.4999999999999514,0.0029999999999999055,0.042000000000000086,16.075325512763946,85.43333333332977,0,724,0.0037454587850952363
6990,1,1,1,1,1,0.8402959704399109,1.4999999999999851,1.4999999999999851,1.499999999999985,0.002999999999999968,0.04200000000000003,16.033038737987287,85.68333333332976,0,739,0.003506728908773346
7005,1,0,1,1,1,0.4914986491203308,1.4999999999999851,1.4999999999999851,1.499999999999985,0.002999999999999968,0.04200000000000003,15.885171378595137,85.93333333332974,0,754,0.0032339372850537828
7020,1,0,1,1,1,0.0475403256714344,1.4999999999999851,1.4999999999999851,1.499999999999985,0.002999999999999968,0.04200000000000003,15.287264495442743,86.18333333332973,0,769,0.0029332214629617663
7035,1,0,1,1,1,0.0,1.4999999999999851,1.4999999999999851,1.499999999999985,0.002999999999999968,0.04200000000000003,14.85480709422603,86.43333333332971,0,784,0.002706631013989005
7050,1,0,1,1,1,0.0,1.4999999999999851,1.4999999999999851,1.499999999999985,0.002999999999999968,0.04200000000000003,14.483939122001226,86.6833333333297,0,799,0.0024242384420128014
7065,1,0,1,1,1,0.0,1.4999999999999851,1.4999999999999851,1.499999999999985,0.002999999999999968,0.04200000000000003,14.153891804350373,86.93333333332968,0,814,0.0021887171754098648
7080,1,0,1,1,1,0.0,1.4999999999999851,1.4999999999999851,1.499999999999985,0.002999999999999968,0.04200000000000003,13.479951498817721,87.18333333332967,0,829,0.0019577542543220785
7095,1,1,1,1,1,1.3188198804855347,1.4999999999999851,1.4999999999999851,1.499999999999985,0.002999999999999968,0.04200000000000003,13.414880815455598,87.43333333332966,0,844,0.0017833387898120705
7110,1,1,1,1,1,2.5874698162078857,1.4999999999999851,1.4999999999999851,1.499999999999985,0.002999999999999968,0.04200000000000003,13.052148739255223,87.68333333332964,0,859,0.0015497915876163024
7125,1,0,1,1,1,0.30569934844970703,1.4999999999999851,1.4999999999999851,1.499999999999985,0.002999999999999968,0.04200000000000003,13.364317340905538,87.93333333332963,0,874,0.0013806051025530186
7140,1,0,1,1,1,0.34623709321022034,1.4999999999999851,1.4999999999999851,1.499999999999985,0.002999999999999968,0.04200000000000003,13.4670529309337,88.18333333332961,0,889,0.0011458705732902363
7155,1,0,1,1,1,0.13709422945976257,1.4999999999999851,1.4999999999999851,1.499999999999985,0.002999999999999968,0.04200000000000003,13.565468196742579,88.4333333333296,0,904,0.000970298980143296
7170,1,0,1,1,1,0.20696020126342773,1.4999999999999851,1.4999999999999851,1.499999999999985,0.002999999999999968,0.04200000000000003,14.63854029179909,88.68333333332959,0,919,0.0010021348919701358
7185,1,0,1,1,1,0.2715420722961426,1.4999999999999851,1.4999999999999851,1.499999999999985,0.002999999999999968,0.04200000000000003,15.41199600818463,88.93333333332957,0,934,0.0010472822442264998
7200,1,1,1,1,1,2.3704609870910645,1.4999999999999851,1.4999999999999851,1.499999999999985,0.002999999999999968,0.04200000000000003,15.625400548398222,89.18333333332956,0,949,0.0011622282454317534
7215,1,1,1,1,1,2.273594617843628,1.4999999999999851,1.4999999999999851,1.499999999999985,0.002999999999999968,0.04200000000000003,14.930858667423731,89.43333333332954,0,964,0.0008854610979396058
7230,1,1,1,1,1,1.0574475526809692,1.4999999999999851,1.4999999999999851,1.499999999999985,0.002999999999999968,0.04200000000000003,14.775117473864238,89.68333333332953,0,979,0.0005510856293956977
7245,1,1,1,1,1,1.1434946060180664,1.4999999999999851,1.4999999999999851,1.499999999999985,0.002999999999999968,0.04200000000000003,11.902274704763872,89.93333333332951,0,994,-0.00033853630324287304
7260,1,1,1,1,1,1.5550580024719238,1.4999999999999851,1.4999999999999851,1.499999999999985,0.002999999999999968,0.04200000000000003,10.544164544153645,90.1833333333295,0,1009,-0.000812758708017973
7275,1,1,1,1,1,2.2690269947052,1.4999999999999851,1.4999999999999851,1.499999999999985,0.002999999999999968,0.04200000000000003,8.705953993181913,90.43333333332949,0,1024,-0.0012417294063890821
7290,0,0,0,1,0,0.0,0.036000000000000004,0.036000000000000004,0.04094074054687495,0.0,0.061351844840981884,8.232590451170106,90.54999999999615,1,0,0.00286054108314156
7305,0,0,0,1,0,0.0,0.036000000000000004,0.036000000000000004,0.03600003104414871,0.0,0.05985184484098184,8.232590451170106,90.54999999999615,0,0,0.010922738862331407
7320,0,0,0,1,0,0.0,0.036000000000000004,0.036000000000000004,0.03600000000019506,0.0,0.0583518448409818,8.232590451170106,90.54999999999615,0,0,0.013609246492137093
7335,0,0,0,1,0,0.0,0.036000000000000004,0.036000000000000004,0.036000000000000004,0.0,0.056851844840981755,8.232590451170106,90.54999999999615,0,0,0.013765151704012863
7350,0,0,0,1,0,0.0,0.036000000000000004,0.036000000000000004,0.036000000000000004,0.0,0.05535184484098171,8.232590451170106,90.54999999999615,0,0,0.012891892595482221
7365,0,0,0,1,0,0.0,0.036000000000000004,0.036000000000000004,0.036000000000000004,0.0,0.05385184484098167,8.232590451170106,90.54999999999615,0,0,0.011627504406884575
7380,0,0,0,1,0,0.0,0.036000000000000004,0.036000000000000004,0.036000000000000004,0.0,0.052351844840981626,8.232590451170106,90.54999999999615,0,0,0.010218396380238364
7395,0,0,0,1,0,0.0,0.036000000000000004,0.036000000000000004,0.036000000000000004,0.0,0.05085184484098158,8.232590451170106,90.54999999999615,0,0,0.008755109755463734
7410,0,0,0,1,0,0.0,0.036000000000000004,0.036000000000000004,0.036000000000000004,0.0,0.04935184484098154,8.232590451170106,90.54999999999615,0,0,0.007272767183593182
7425,0,0,0,1,0,0.0,0.036000000000000004,0.036000000000000004,0.036000000000000004,0.0,0.0478518448409815,8.232590451170106,90.54999999999615,0,0,0.005784451148545127
7440,0,0,0,1,0,0.0,0.036000000000000004,0.036000000000000004,0.036000000000000004,0.0,0.046351844840981454,8.232590451170106,90.54999999999615,0,0,0.004292442282536858
7455,0,0,0,1,1,0.0,0.06007757950929207,0.06007757950929207,0.04924266873011064,4.815515901858414e-05,0.04485184484098141,8.232590451170106,90.54999999999615,0,0,0.0027983788174143773
7470,1,1,1,1,1,2.6787071228027344,0.8100775795093136,0.8100775795093136,0.7691686775652786,0.001548155159018627,0.04335184484098137,8.232590451170106,90.63333333332947,0,6,0.001279943956853812
7485,1,1,1,1,1,4.286929130554199,1.3521940763597922,1.3521940763597922,1.3369548663836688,0.0026778943935429067,0.04228908092081213,7.87506197154737,90.88333333332946,0,21,1.9859335525698046e-06
7500,1,1,1,1,1,5.86431360244751,1.4708250602887636,1.4708250602887636,1.4678169376594614,0.0029364205292578063,0.042057060838295614,7.667060840303051,91.13333333332945,0,36,-0.0009017805826027
7515,1,1,1,1,1,9.906026840209961,1.4942412455994767,1.4942412455994767,1.4936474812381295,0.0029874502377537984,0.04201126306881473,7.331132292664445,91.38333333332943,0,51,-0.0013689126587805027
7530,0,0,0,1,0,0.0,0.036000000000000004,0.036000000000000004,0.03644726554870284,0.0,0.061164919383697565,6.857996259597133,91.4499999999961,0,0,0.0046478193935003825
7545,0,0,0,1,0,0.0,0.036000000000000004,0.036000000000000004,0.03600000281030305,0.0,0.05966491938369752,6.857996259597133,91.4499999999961,0,0,0.011149605512824814
7560,0,0,0,1,0,0.0,0.036000000000000004,0.036000000000000004,0.03600000000001767,0.0,0.05816491938369748,6.857996259597133,91.4499999999961,0,0,0.013166198029623915
7575,0,0,0,1,0,0.0,0.036000000000000004,0.036000000000000004,0.036000000000000004,0.0,0.056664919383697436,6.857996259597133,91.4499999999961,0,0,0.013076468525700281
7590,0,0,0,1,0,0.0,0.036000000000000004,0.036000000000000004,0.036000000000000004,0.0,0.05516491938369739,6.857996259597133,91.4499999999961,0,0,0.012121493154505628
7605,0,0,0,1,0,0.0,0.036000000000000004,0.036000000000000004,0.036000000000000004,0.0,0.05366491938369735,6.857996259597133,91.4499999999961,0,0,0.010830338219994184
7620,0,0,0,1,0,0.0,0.036000000000000004,0.036000000000000004,0.036000000000000004,0.0,0.05216491938369731,6.857996259597133,91.4499999999961,0,0,0.009413514325279246
7635,0,0,0,1,0,0.0,0.036000000000000004,0.036000000000000004,0.036000000000000004,0.0,0.050664919383697264,6.857996259597133,91.4499999999961,0,0,0.007949150331610417
7650,0,0,0,1,0,0.0,0.036000000000000004,0.036000000000000004,0.036000000000000004,0.0,0.04916491938369722,6.857996259597133,91.4499999999961,0,0,0.006467533845841086
7665,0,0,0,1,0,0.0,0.036000000000000004,0.036000000000000004,0.036000000000000004,0.0,0.04766491938369718,6.857996259597133,91.4499999999961,0,0,0.004979849857359581
7680,0,0,0,1,0,0.042666442692279816,0.036000000000000004,0.036000000000000004,0.036000000000000004,0.0,0.046164919383697135,6.857996259597133,91.4499999999961,0,0,0.003407035493833459
7695,1,1,1,1,1,1.0309922695159912,0.1535403081514516,0.1535403081514516,0.11931694757114988,0.00023508061630290317,0.04466491938369709,7.296721828017556,91.59999999999609,0,10,0.0018218619984239266
7710,1,1,1,1,1,3.0665957927703857,0.9035403081514731,0.9035403081514731,0.8626312592508218,0.0017350806163029461,0.04316491938369705,7.313790908553668,91.84999999999607,0,25,0.00023847734045670142
7725,1,1,1,1,1,4.137991428375244,0.9308424044110497,0.9308424044110497,0.9953985045828683,0.0017896848088220993,0.043110315191177896,6.679451940728688,92.09999999999606,0,40,-0.0011988023688124646
7740,1,1,1,1,1,4.613317012786865,1.3854949047311726,1.3854949047311726,1.3736896345545522,0.0027504650764159227,0.04222395090218554,6.918750353444412,92.34999999999604,0,55,-0.0014992686670566662
7755,0,0,0,1,0,0.0,0.036000000000000004,0.036000000000000004,0.036016879198073753,0.0,0.060862564241265356,6.918750353444412,92.34999999999604,0,0,0.007441346732877576
7770,0,0,0,1,0,0.0,0.036000000000000004,0.036000000000000004,0.03600000010605705,0.0,0.05936256424126531,6.918750353444412,92.34999999999604,0,0,0.012565899261403437
7785,0,0,0,1,0,0.0,0.036000000000000004,0.036000000000000004,0.03600000000000067,0.0,0.05786256424126527,6.918750353444412,92.34999999999604,0,0,0.013826398112450835
7800,0,0,0,1,0,0.0,0.036000000000000004,0.036000000000000004,0.036000000000000004,0.0,0.05636256424126523,6.918750353444412,92.34999999999604,0,0,0.013399902279931158
7815,0,0,0,1,0,0.0,0.036000000000000004,0.036000000000000004,0.036000000000000004,0.0,0.054862564241265184,6.918750353444412,92.34999999999604,0,0,0.012306880712399607
7830,0,0,0,1,0,0.0,0.036000000000000004,0.036000000000000004,0.036000000000000004,0.0,0.05336256424126514,6.918750353444412,92.34999999999604,0,0,0.010962551304127498
7845,0,0,0,1,0,0.0,0.036000000000000004,0.036000000000000004,0.036000000000000004,0.0,0.0518625642412651,6.918750353444412,92.34999999999604,0,0,0.009524166672942182
7860,0,0,0,1,0,0.0,0.036000000000000004,0.036000000000000004,0.036000000000000004,0.0,0.050362564241265055,6.918750353444412,92.34999999999604,0,0,0.008049912662947972
7875,0,0,0,1,0,0.0,0.036000000000000004,0.036000000000000004,0.036000000000000004,0.0,0.04886256424126501,6.918750353444412,92.34999999999604,0,0,0.006564410017134635
7890,0,0,0,1,0,0.0,0.036000000000000004,0.036000000000000004,0.036000000000000004,0.0,0.04736256424126497,6.918750353444412,92.34999999999604,0,0,0.0050756227258246175
7905,0,0,0,1,0,0.0,0.036000000000000004,0.036000000000000004,0.036000000000000004,0.0,0.045862564241264926,6.918750353444412,92.34999999999604,0,0,0.003587042939570703
7920,1,1,1,1,1,3.7925922870635986,0.3047178793675561,0.3047178793675561,0.2644082473592898,0.0005374357587351122,0.04436256424126488,6.918750353444464,92.39999999999604,0,4,0.0020569597904535114
7935,1,1,1,1,1,8.493395805358887,1.0547178793675775,1.0547178793675775,1.013808792225065,0.002037435758735155,0.04286256424126484,7.824901881644697,92.64999999999603,0,19,0.0008353758665429864
7950,1,1,1,1,1,8.221135139465332,1.4128888773317752,1.4128888773317752,1.4039071720638368,0.002810163136674454,0.04217037340093082,9.35588291876708,92.89999999999601,0,34,-0.0002825979587337085
7965,1,1,1,1,1,9.615490913391113,1.482453734103851,1.482453734103851,1.4806594535112514,0.0029615722734080696,0.04203459942423377,9.815905579564058,93.149999999996,0,49,-0.00033365361219681695
7980,1,1,1,1,1,7.777334690093994,1.4965090518690318,1.4965090518690318,1.49614911383504,0.002992392353592277,0.04200682765494791,12.317874078875558,93.39999999999598,0,64,0.00010911725363654194
7995,1,1,1,1,1,8.252907752990723,1.446220869138316,1.446220869138316,1.4448962784321118,0.0028848350958033814,0.04210337990860982,12.735418209806532,93.64999999999597,0,79,0.0005671264075966686
8010,1,1,1,1,1,9.385995864868164,1.4693513047917275,1.4693513047917275,1.466236710220259,0.0029332130211202553,0.04205994976341463,15.505105404117192,93.89999999999596,0,94,0.0011182075206528437
8025,1,1,1,1,1,7.7101969718933105,1.4939491015182305,1.4939491015182305,1.493325215609092,0.0029868135830288176,0.042011834449088355,16.18036471611956,94.14999999999594,0,109,0.0015991785042033608
8040,1,1,1,1,1,4.181920528411865,1.4988056311807654,1.4988056311807654,1.4986824841267619,0.002997397172431193,0.04200233596664584,16.39837844465578,94.39999999999593,0,124,0.0018134317776201405
8055,1,1,1,1,1,3.2340035438537598,1.4997642470983097,1.4997642470983097,1.4997399394683302,0.002999486235623315,0.042000461089494415,16.0909768159281,94.64999999999591,0,139,0.0017875722401628502
8070,1,1,1,1,1,0.6633616089820862,1.4999534654373428,1.4999534654373428,1.4999486674267055,0.0029998985895808433,0.04200009101308113,15.473020952421837,94.8999999999959,0,154,0.001714325770394133
8085,1,0,1,1,1,0.43221190571784973,1.4999908146813634,1.4999908146813634,1.499989867616343,0.002999979982899595,0.04200001796480084,15.213281303221903,95.14999999999588,0,169,0.0017039669913574886
8100,1,0,1,1,1,0.2706380784511566,1.4999981869373256,1.4999981869373256,1.499997999998984,0.0029999960488842,0.0420000035460185,14.88495371613777,95.39999999999587,0,184,0.00177771037338669
8115,1,0,1,1,1,0.0,1.4999996421249604,1.4999996421249604,1.4999996052257583,0.002999999220101024,0.04200000069993803,14.633544168910703,95.64999999999586,0,199,0.0018717454766285703
8130,1,0,1,1,1,0.0,1.4999999293601134,1.4999999293601134,1.4999999220766895,0.002999999846058067,0.04200000013815868,14.54073231546261,95.89999999999584,0,214,0.0019966322823036092
8145,1,0,1,1,1,0.0,1.4999999860566018,1.4999999860566018,1.4999999846189487,0.0029999999696138577,0.04200000002727073,14.778851734889695,96.14999999999583,0,229,0.0021346613161999004
8160,1,0,1,1,1,0.0,1.4999999972477536,1.4999999972477536,1.499999996963979,0.0029999999940021685,0.04200000000538289,14.2004803100382,96.39999999999581,0,244,0.0022297310487265857
8175,1,0,1,1,1,0.0,1.4999999994567437,1.4999999994567437,1.499999999400731,0.0029999999988161094,0.04200000000106251,14.52631625894173,96.6499999999958,0,259,0.002370495032823358
8190,1,0,1,1,1,0.0,1.499999999892771,1.499999999892771,1.499999999881715,0.0029999999997663215,0.04200000000020972,15.465625428303685,96.89999999999579,0,274,0.0026358446133953606
8205,1,0,1,1,1,0.0,1.4999999999788334,1.4999999999788334,1.4999999999766516,0.002999999999953873,0.04200000000004139,16.145443577205338,97.14999999999577,0,289,0.0030550539365510826
8220,1,0,1,1,1,0.0,1.4999999999958238,1.4999999999958238,1.499999999995393,0.002999999999990899,0.04200000000000817,16.93763167328987,97.39999999999576,0,304,0.003456761548087298
8235,1,0,1,1,1,0.0,1.4999999999991767,1.4999999999991767,1.499999999999091,0.0029999999999982055,0.042000000000001605,17.25527356547807,97.64999999999574,0,319,0.0037386122148502
8250,1,0,1,1,1,0.0,1.499999999999836,1.499999999999836,1.4999999999998184,0.002999999999999642,0.04200000000000032,17.48298165990587,97.89999999999573,0,334,0.0039411522237626315
8265,1,0,1,1,1,0.0,1.499999999999966,1.499999999999966,1.4999999999999631,0.0029999999999999263,0.042000000000000065,17.575608827704276,98.14999999999571,0,349,0.004115426840591907
8280,1,1,1,1,1,0.7462371587753296,1.4999999999999851,1.4999999999999851,1.499999999999985,0.002999999999999968,0.04200000000000003,17.360651309293544,98.3999999999957,0,364,0.00424823070631677
8295,1,1,1,1,1,0.7640513181686401,1.4999999999999851,1.4999999999999851,1.499999999999985,0.002999999999999968,0.04200000000000003,17.51965940515836,98.64999999999569,0,379,0.004395917482929336
8310,1,1,1,1,1,1.0372951030731201,1.4999999999999851,1.4999999999999851,1.499999999999985,0.002999999999999968,0.04200000000000003,17.676001450568894,98.89999999999567,0,394,0.0045494991600695455
8325,1,1,1,1,1,1.472951889038086,1.4999999999999851,1.4999999999999851,1.499999999999985,0.002999999999999968,0.04200000000000003,18.183199282760796,99.14999999999566,0,409,0.00473360083892477
8340,1,1,1,1,1,1.820121169090271,1.4999999999999851,1.4999999999999851,1.499999999999985,0.002999999999999968,0.04200000000000003,16.176399209020957,99.39999999999564,0,424,0.004684471753330339
8355,1,1,1,1,1,0.6428757309913635,1.4999999999999851,1.4999999999999851,1.499999999999985,0.002999999999999968,0.04200000000000003,14.867288998506996,99.64999999999563,0,439,0.004541848383786903
8370,1,0,1,1,1,0.0,1.4999999999999851,1.4999999999999851,1.499999999999985,0.002999999999999968,0.04200000000000003,13.275185494802612,99.89999999999561,0,454,0.0044094736225266384
8385,1,1,1,1,1,1.1900840997695923,1.4999999999999851,1.4999999999999851,1.499999999999985,0.002999999999999968,0.04200000000000003,11.50633028288992,100.1499999999956,0,469,0.004321266690103306
8400,1,1,1,1,1,3.1913907527923584,1.4999999999999851,1.4999999999999851,1.499999999999985,0.002999999999999968,0.04200000000000003,12.60614270250876,100.39999999999559,0,484,0.0045127322338286095
8415,1,1,1,1,1,2.5803701877593994,1.4999999999999851,1.4999999999999851,1.499999999999985,0.002999999999999968,0.04200000000000003,13.36934767720924,100.64999999999557,0,499,0.004700376571373542
8430,1,1,1,1,1,3.104841947555542,1.4999999999999851,1.4999999999999851,1.499999999999985,0.002999999999999968,0.04200000000000003,13.448577859986512,100.89999999999556,0,514,0.004864933146370895
8445,1,1,1,1,1,3.074997901916504,1.4999999999999851,1.4999999999999851,1.499999999999985,0.002999999999999968,0.04200000000000003,13.761995172535741,101.14999999999554,0,529,0.004306766653643316
8460,1,1,1,1,1,1.3761305809020996,1.4999999999999851,1.4999999999999851,1.499999999999985,0.002999999999999968,0.04200000000000003,15.157540418349278,101.39999999999553,0,544,0.004005094175451455
8475,1,1,1,1,1,1.9846949577331543,1.4999999999999851,1.4999999999999851,1.499999999999985,0.002999999999999968,0.04200000000000003,17.001260774661908,101.64999999999552,0,559,0.004061216836957757
8490,1,1,1,1,1,2.1280341148376465,1.4999999999999851,1.4999999999999851,1.499999999999985,0.002999999999999968,0.04200000000000003,18.247493626048318,101.8999999999955,0,574,0.004579818764222585
8505,1,1,1,1,1,2.166748046875,1.4999999999999851,1.4999999999999851,1.499999999999985,0.002999999999999968,0.04200000000000003,17.364619328933834,102.14999999999549,0,589,0.004647266097955915
8520,1,1,1,1,1,2.5038821697235107,1.4999999999999851,1.4999999999999851,1.499999999999985,0.002999999999999968,0.04200000000000003,17.312489130128686,102.39999999999547,0,604,0.004592122688478431
8535,1,1,1,1,1,1.0382158756256104,1.4999999999999851,1.4999999999999851,1.499999999999985,0.002999999999999968,0.04200000000000003,17.758641680099934,102.64999999999546,0,619,0.004488701632293064
8550,1,0,1,1,1,0.3225199282169342,1.4999999999999851,1.4999999999999851,1.499999999999985,0.002999999999999968,0.04200000000000003,17.365255610064803,102.89999999999544,0,634,0.004343573824392148
8565,1,1,1,1,1,0.628377377986908,1.4999999999999851,1.4999999999999851,1.499999999999985,0.002999999999999968,0.04200000000000003,17.70618898390513,103.14999999999543,0,649,0.004299844111351864
8580,1,0,1,1,1,0.3655579090118408,1.4999999999999851,1.4999999999999851,1.499999999999985,0.002999999999999968,0.04200000000000003,17.225049053808558,103.39999999999542,0,664,0.004044156132592382
8595,1,0,1,1,1,0.0,1.4999999999999851,1.4999999999999851,1.499999999999985,0.002999999999999968,0.04200000000000003,16.808508681129435,103.6499999999954,0,679,0.0037398796900227483
8610,1,0,1,1,1,0.0,1.4999999999999851,1.4999999999999851,1.499999999999985,0.002999999999999968,0.04200000000000003,16.024227001024766,103.89999999999539,0,694,0.003404453309723259
8625,1,0,1,1,1,0.0,1.4999999999999851,1.4999999999999851,1.499999999999985,0.002999999999999968,0.04200000000000003,15.501127966242127,104.14999999999537,0,709,0.0031669758352095905
8640,1,0,1,1,1,0.0,1.4999999999999851,1.4999999999999851,1.499999999999985,0.002999999999999968,0.04200000000000003,14.444691303546186,104.39999999999536,0,724,0.0029349029976316037
8655,1,0,1,1,1,0.0,1.4999999999999851,1.4999999999999851,1.499999999999985,0.002999999999999968,0.04200000000000003,14.661489428459605,104.64999999999534,0,739,0.002602814078844708
8670,1,0,1,1,1,0.0,1.4999999999999851,1.4999999999999851,1.499999999999985,0.002999999999999968,0.04200000000000003,14.657364552820368,104.89999999999533,0,754,0.0025151089487756044
8685,1,0,1,1,1,0.0,1.4999999999999851,1.4999999999999851,1.499999999999985,0.002999999999999968,0.04200000000000003,14.452269583036589,105.14999999999532,0,769,0.0022145066294226635
8700,1,0,1,1,1,0.0,1.4999999999999851,1.4999999999999851,1.499999999999985,0.002999999999999968,0.04200000000000003,14.653325033034106,105.3999999999953,0,784,0.002042973222768999
8715,1,0,1,1,1,0.0,1.4999999999999851,1.4999999999999851,1.499999999999985,0.002999999999999968,0.04200000000000003,14.858644383150658,105.64999999999529,0,799,0.0019102076637559644
8730,1,0,1,1,1,0.0,1.4999999999999851,1.4999999999999851,1.499999999999985,0.002999999999999968,0.04200000000000003,15.422420710043435,105.89999999999527,0,814,0.0019695736981538065
8745,1,0,1,1,1,0.0,1.4999999999999851,1.4999999999999851,1.499999999999985,0.002999999999999968,0.04200000000000003,15.883181710289067,106.14999999999526,0,829,0.0019453131335785616
8760,1,1,1,1,1,5.606412410736084,1.4999999999999851,1.4999999999999851,1.499999999999985,0.002999999999999968,0.04200000000000003,16.5812493028267,106.39999999999525,0,844,0.0020771275510565856
8775,1,1,1,1,1,0.8059860467910767,1.4999999999999851,1.4999999999999851,1.499999999999985,0.002999999999999968,0.04200000000000003,16.383462631954142,106.64999999999523,0,859,0.001758635679656707
8790,1,1,1,1,1,0.6925036907196045,1.4999999999999851,1.4999999999999851,1.499999999999985,0.002999999999999968,0.04200000000000003,16.01096924861047,106.89999999999522,0,874,0.001308039032419462
8805,1,1,1,1,1,2.061600685119629,1.4999999999999851,1.4999999999999851,1.499999999999985,0.002999999999999968,0.04200000000000003,14.328387084906788,107.1499999999952,0,889,0.0010189313952178852
8820,1,1,1,1,1,7.352382183074951,1.4999999999999851,1.4999999999999851,1.499999999999985,0.002999999999999968,0.04200000000000003,12.211404666856465,107.39999999999519,0,904,0.0004342653731025832
8835,1,1,1,1,1,8.231658935546875,1.4999999999999851,1.4999999999999851,1.499999999999985,0.002999999999999968,0.04200000000000003,11.199755418404859,107.64999999999517,0,919,0.0004496012739577614
8850,1,1,1,1,1,8.136037826538086,1.4999999999999851,1.4999999999999851,1.499999999999985,0.002999999999999968,0.04200000000000003,9.276030133651144,107.89999999999516,0,934,-2.6909639631121814e-05
8865,1,1,1,1,1,8.15900993347168,1.461947269990127,1.461947269990127,1.4668747395220771,0.002918969948960015,0.04207410849304623,8.792337448008531,108.14999999999515,0,949,-0.0001323683481913797
8880,1,1,1,1,1,10.28281307220459,1.3668716540922112,1.3668716540922112,1.366010413674835,0.002713275951857705,0.042306067333048446,7.417068515394697,108.39999999999513,0,964,-0.00019812603721092864
8895,1,1,1,1,1,10.725064277648926,1.301102095115247,1.301102095115247,1.2875773771072436,0.0025685781227115234,0.04251742844868139,7.019986138484682,108.64999999999512,0,979,-0.0005368283722704686
8910,1,1,1,1,1,11.109801292419434,1.3300934413568295,1.3300934413568295,1.3130804635863016,0.002618644247531457,0.04255139391750418,7.279468253838826,108.8999999999951,0,994,-0.0007075636728691222
8925,1,1,1,1,1,7.334702014923096,1.1454126791283168,1.1454126791283168,1.1874532164994909,0.002238592577358374,0.04269877071467772,7.176500473667124,109.14999999999509,0,1009,-0.0008091475803854355
8940,1,1,1,1,1,8.214142799377441,1.125607061550898,1.125607061550898,1.1471481950891587,0.0022006597947337656,0.04272473059666509,6.759391029735176,109.39999999999507,0,1024,-0.0012167565534826402
8955,1,1,1,1,1,8.046528816223145,0.9432096999032803,0.9432096999032803,0.9359483316628473,0.0018144193998065605,0.043085580600193435,6.944557030317786,109.64999999999506,0,1039,-0.0009879819286065278
8970,1,1,1,1,1,7.659740447998047,0.5440929930551571,0.5440929930551571,0.6340531941588052,0.0010161859861103142,0.04388381401388968,5.336905257271846,109.89999999999505,0,1054,-0.0012602572851456518
8985,0,0,0,1,0,0.0,0.036000000000000004,0.036000000000000004,0.03677439012906787,0.0,0.06294410807033007,4.421849200149101,109.99999999999504,0,0,0.0034757911037019184
9000,0,0,0,1,0,0.0,0.036000000000000004,0.036000000000000004,0.03600000486572451,0.0,0.06144410807033003,4.421849200149101,109.99999999999504,0,0,0.011450468465044593
9015,0,0,0,1,0,0.0,0.036000000000000004,0.036000000000000004,0.03600000000003058,0.0,0.05994410807032999,4.421849200149101,109.99999999999504,0,0,0.01437260513214916
9030,0,0,0,1,0,0.0,0.036000000000000004,0.036000000000000004,0.036000000000000004,0.0,0.058444108070329945,4.421849200149101,109.99999999999504,0,0,0.014689126606625483
9045,0,0,0,1,0,0.0,0.036000000000000004,0.036000000000000004,0.036000000000000004,0.0,0.0569441080703299,4.421849200149101,109.99999999999504,0,0,0.013891902614749947
9060,0,0,0,1,0,0.0,0.036000000000000004,0.036000000000000004,0.036000000000000004,0.0,0.05544410807032986,4.421849200149101,109.99999999999504,0,0,0.012659997303869235
9075,0,0,0,1,0,0.0,0.036000000000000004,0.036000000000000004,0.036000000000000004,0.0,0.053944108070329816,4.421849200149101,109.99999999999504,0,0,0.011263975179594113
9090,0,0,0,1,0,0.0,0.036000000000000004,0.036000000000000004,0.036000000000000004,0.0,0.05244410807032977,4.421849200149101,109.99999999999504,0,0,0.00980727494982082
9105,0,0,0,1,0,0.0,0.036000000000000004,0.036000000000000004,0.036000000000000004,0.0,0.05094410807032973,4.421849200149101,109.99999999999504,0,0,0.008326325683285223
9120,0,0,0,1,0,0.0,0.036000000000000004,0.036000000000000004,0.036000000000000004,0.0,0.04944410807032969,4.421849200149101,109.99999999999504,0,0,0.006838942649457747
9135,0,0,0,1,0,0.0,0.036000000000000004,0.036000000000000004,0.036000000000000004,0.0,0.047944108070329644,4.421849200149101,109.99999999999504,0,0,0.005349467845419753
9150,0,0,0,1,0,0.0,0.036000000000000004,0.036000000000000004,0.036000000000000004,0.0,0.0464441080703296,4.421849200149101,109.99999999999504,0,0,0.0038584473094395435
9165,0,0,0,1,0,0.0,0.036000000000000004,0.036000000000000004,0.036000000000000004,0.0,0.04494410807032956,4.421849200149101,109.99999999999504,0,0,0.0023183116717707735
9180,1,1,1,1,1,0.7283113598823547,0.7639459648352402,0.7639459648352402,0.7230372695422769,0.0014558919296704803,0.043444108070329515,4.081201903470081,110.0666666666617,0,5,0.0006659930121886199
9195,1,1,1,1,1,2.2868447303771973,1.3366452745160022,1.3366452745160022,1.3198027810193869,0.0026440087922313255,0.04231949279360771,4.420992343770412,110.31666666666169,0,20,-0.0007726433449478474
9210,1,1,0,1,1,1.8276525735855103,0.0,0.0,0.6571655311706179,0.0,0.0620151037899247,4.973604243441961,110.53333333332834,7,0,-0.0015376450149085282
9225,0,0,0,1,0,0.0,0.036000000000000004,0.036000000000000004,0.03600362650343686,0.0,0.060515103789924654,4.973604243441961,110.53333333332834,0,0,0.008612953136080528
9240,0,0,0,1,0,0.0,0.036000000000000004,0.036000000000000004,0.03600000002278641,0.0,0.05901510378992461,4.973604243441961,110.53333333332834,0,0,0.01303244130185775
9255,0,0,0,1,0,0.0,0.036000000000000004,0.036000000000000004,0.03600000000000015,0.0,0.05751510378992457,4.973604243441961,110.53333333332834,0,0,0.013939016268950477
9270,0,0,0,1,0,0.0,0.036000000000000004,0.036000000000000004,0.036000000000000004,0.0,0.056015103789924525,4.973604243441961,110.53333333332834,0,0,0.013358765133298445
9285,0,0,0,1,0,0.0,0.036000000000000004,0.036000000000000004,0.036000000000000004,0.0,0.05451510378992448,4.973604243441961,110.53333333332834,0,0,0.012203835676709032
9300,0,0,0,1,0,0.0,0.036000000000000004,0.036000000000000004,0.036000000000000004,0.0,0.05301510378992444,4.973604243441961,110.53333333332834,0,0,0.010834611829922075
9315,0,0,0,1,0,0.0,0.036000000000000004,0.036000000000000004,0.036000000000000004,0.0,0.051515103789924396,4.973604243441961,110.53333333332834,0,0,0.009385732662412494
9330,0,0,0,1,0,0.0,0.036000000000000004,0.036000000000000004,0.036000000000000004,0.0,0.05001510378992435,4.973604243441961,110.53333333332834,0,0,0.007909095387305118
9345,0,0,0,1,0,0.0,0.036000000000000004,0.036000000000000004,0.036000000000000004,0.0,0.04851510378992431,4.973604243441961,110.53333333332834,0,0,0.006421626307813923
9360,0,0,0,1,0,0.0,0.036000000000000004,0.036000000000000004,0.036000000000000004,0.0,0.04701510378992427,4.973604243441961,110.53333333332834,0,0,0.004930080634967991
9375,0,0,0,1,0,0.0,0.036000000000000004,0.036000000000000004,0.036000000000000004,0.0,0.045515103789924224,4.973604243441961,110.53333333332834,0,0,0.0034377073792994303
9390,0,0,0,1,1,0.0,0.478448105037907,0.478448105037907,0.4375756836187439,0.000884896210075814,0.04401510378992418,4.973604243441961,110.53333333332834,0,0,0.0019300454329918715
9405,1,0,1,1,1,0.4966050386428833,1.196845888294014,1.196845888294014,1.1655769140362628,0.0023392044160564923,0.042593125912162626,5.331042017380282,110.749999999995,0,14,0.0002551758038597506
9420,1,1,1,1,1,1.060639500617981,1.440140927198714,1.440140927198714,1.4339690750427179,0.0028695521498961,0.04211707338229231,6.528557275942529,110.99999999999498,0,29,-0.0009440639310862101
9435,1,1,1,1,1,4.677450656890869,1.4881845960194524,1.4881845960194524,1.4869663524010222,0.0029742512876074004,0.0420231087660371,8.93536355437207,111.24999999999497,0,44,-0.0007627952893610398
9450,1,1,1,1,1,3.656541585922241,1.4976677926213309,1.4976677926213309,1.4974273271441785,0.002994917538398846,0.042004561370457785,9.057285883423972,111.49999999999496,0,59,-0.0005875679965215176
9465,1,1,1,1,1,2.7714951038360596,1.4995396525361258,1.4995396525361258,1.499492187772241,0.0029989967880516416,0.04200090035532056,10.864115227767563,111.74999999999494,0,74,-0.000354542546696035
9480,1,1,1,1,1,1.5580226182937622,1.4999091333860655,1.4999091333860655,1.4998997644577807,0.002999801978983356,0.04200017771845342,12.52961496128461,111.99999999999493,0,89,-7.973724881652085e-05
9495,1,1,1,1,1,1.2384730577468872,1.4999820641098829,1.4999820641098829,1.4999802148050514,0.0029999609132216817,0.04200003507931587,14.04524797900743,112.24999999999491,0,104,0.0005730073143241769
9510,1,1,1,1,1,0.9875973463058472,1.4999964596880984,1.4999964596880984,1.4999960946593296,0.002999992284777306,0.042000006924201624,15.247284112985412,112.4999999999949,0,119,0.0010833655803718257
9525,1,1,1,1,1,0.7345405220985413,1.4999993011883876,1.4999993011883876,1.4999992291364455,0.0029999984771151914,0.042000001366747516,15.06678246723759,112.74999999999488,0,134,0.0014154882038235925
9540,1,1,1,1,1,0.7389912605285645,1.4999998620636603,1.4999998620636603,1.4999998478415417,0.00299999969940231,0.042000000269778216,15.428210358091473,112.99999999999487,0,149,0.0016780004477472516
9555,1,1,1,1,1,0.7989615201950073,1.4999999727731563,1.4999999727731563,1.4999999699658946,0.0029999999406659164,0.04200000005325072,15.053230695965551,113.24999999999486,0,164,0.0018944270359184914
9570,1,1,1,1,1,0.9832940101623535,1.4999999946257725,1.4999999946257725,1.4999999940716566,0.0029999999882882183,0.042000000010511004,15.564728484925304,113.49999999999484,0,179,0.002123404456697745
9585,1,1,1,1,1,1.0345382690429688,1.499999998939198,1.499999998939198,1.4999999988298225,0.0029999999976882477,0.04200000000207473,15.231130010768858,113.74999999999483,0,194,0.0022901727444646397
9600,1,1,1,1,1,0.9549505114555359,1.499999999790613,1.499999999790613,1.4999999997690243,0.002999999999543694,0.04200000000040952,15.524891819742846,113.99999999999481,0,209,0.0024972313698721814
9615,1,1,1,1,1,0.7523695230484009,1.4999999999586722,1.4999999999586722,1.4999999999544107,0.002999999999909936,0.04200000000008083,15.619672726885204,114.2499999999948,0,224,0.0027617638352803956
9630,1,0,1,1,1,0.0,1.4999999999918405,1.4999999999918405,1.4999999999909992,0.0029999999999822183,0.042000000000015955,15.891729828527458,114.49999999999478,0,239,0.0029285626838983347
9645,1,0,1,1,1,0.0,1.4999999999983902,1.4999999999983902,1.4999999999982239,0.0029999999999964916,0.042000000000003146,15.6263642678087,114.74999999999477,0,254,0.0030857079600511072
9660,1,0,1,1,1,0.0,1.499999999999686,1.499999999999686,1.4999999999996536,0.0029999999999993157,0.04200000000000061,16.003875840542555,114.99999999999476,0,269,0.0032622608981218966
9675,1,0,1,1,1,0.0,1.4999999999999376,1.4999999999999376,1.4999999999999312,0.002999999999999864,0.04200000000000012,16.70859589850295,115.24999999999474,0,284,0.0035316896407122235
9690,1,0,1,1,1,0.0,1.4999999999999851,1.4999999999999851,1.499999999999985,0.002999999999999968,0.04200000000000003,16.994554509682175,115.49999999999473,0,299,0.0037314371575012033
9705,1,0,1,1,1,0.0,1.4999999999999851,1.4999999999999851,1.499999999999985,0.002999999999999968,0.04200000000000003,16.997105593347705,115.74999999999471,0,314,0.0039025853609233954
9720,1,0,1,1,1,0.0,1.4999999999999851,1.4999999999999851,1.499999999999985,0.002999999999999968,0.04200000000000003,16.856999171240332,115.9999999999947,0,329,0.004031806340282074
9735,1,0,1,1,1,0.0,1.4999999999999851,1.4999999999999851,1.499999999999985,0.002999999999999968,0.04200000000000003,16.79221958363583,116.24999999999469,0,344,0.004189139613623499
9750,1,0,1,1,1,0.0,1.4999999999999851,1.4999999999999851,1.499999999999985,0.002999999999999968,0.04200000000000003,16.992995366595366,116.49999999999467,0,359,0.004334416754751003
9765,1,0,1,1,1,0.0,1.4999999999999851,1.4999999999999851,1.499999999999985,0.002999999999999968,0.04200000000000003,16.722963742586657,116.74999999999466,0,374,0.004447219156587473
9780,1,0,1,1,1,0.0,1.4999999999999851,1.4999999999999851,1.499999999999985,0.002999999999999968,0.04200000000000003,17.343419430814656,116.99999999999464,0,389,0.00460740197429873
9795,1,0,1,1,1,0.0,1.4999999999999851,1.4999999999999851,1.499999999999985,0.002999999999999968,0.04200000000000003,16.969866571543207,117.24999999999463,0,404,0.005054450110019747
9810,1,0,1,1,1,0.0,1.4999999999999851,1.4999999999999851,1.499999999999985,0.002999999999999968,0.04200000000000003,16.474065955533725,117.49999999999461,0,419,0.005228097428657192
9825,1,0,1,1,1,0.0,1.4999999999999851,1.4999999999999851,1.499999999999985,0.002999999999999968,0.04200000000000003,15.842162410382018,117.7499999999946,0,434,0.005269688096941257
9840,1,0,1,1,1,0.0,1.4999999999999851,1.4999999999999851,1.499999999999985,0.002999999999999968,0.04200000000000003,15.65889135629793,117.99999999999459,0,449,0.005336902145023109
9855,1,0,1,1,1,0.0,1.4999999999999851,1.4999999999999851,1.499999999999985,0.002999999999999968,0.04200000000000003,15.369230673256371,118.24999999999457,0,464,0.004662636291830528
9870,1,0,1,1,1,0.0,1.4999999999999851,1.4999999999999851,1.499999999999985,0.002999999999999968,0.04200000000000003,15.819579873592037,118.49999999999456,0,479,0.004370106902219155
9885,1,0,1,1,1,0.0,1.4999999999999851,1.4999999999999851,1.499999999999985,0.002999999999999968,0.04200000000000003,15.779096844507388,118.74999999999454,0,494,0.0043565060555063135
9900,1,0,1,1,1,0.0,1.4999999999999851,1.4999999999999851,1.499999999999985,0.002999999999999968,0.04200000000000003,15.85124901807336,118.99999999999453,0,509,0.004317487641511729
9915,1,0,1,1,1,0.0,1.4999999999999851,1.4999999999999851,1.499999999999985,0.002999999999999968,0.04200000000000003,16.04281984812627,119.24999999999451,0,524,0.004782539328049293
9930,1,0,1,1,1,0.0,1.4999999999999851,1.4999999999999851,1.499999999999985,0.002999999999999968,0.04200000000000003,15.619255228758947,119.4999999999945,0,539,0.004794888961311825
9945,1,0,1,1,1,0.0,1.4999999999999851,1.4999999999999851,1.499999999999985,0.002999999999999968,0.04200000000000003,15.770407536276384,119.74999999999449,0,554,0.0047884791992287325
9960,1,0,1,1,1,0.0,1.4999999999999851,1.4999999999999851,1.499999999999985,0.002999999999999968,0.04200000000000003,16.126312631411235,119.99999999999447,0,569,0.0047709534463267565
9975,1,0,1,1,1,0.0,1.4999999999999851,1.4999999999999851,1.499999999999985,0.002999999999999968,0.04200000000000003,16.038364504499302,120.24999999999446,0,584,0.00462017886106686
9990,1,0,1,1,1,0.0,1.4999999999999851,1.4999999999999851,1.499999999999985,0.002999999999999968,0.04200000000000003,16.091857738981496,120.49999999999444,0,599,0.00439451818423516
10005,1,0,1,1,1,0.0,1.4999999999999851,1.4999999999999851,1.499999999999985,0.002999999999999968,0.04200000000000003,16.555875178808847,120.74999999999443,0,614,0.0044181603418765375
10020,1,0,1,1,1,0.0,1.4999999999999851,1.4999999999999851,1.499999999999985,0.002999999999999968,0.04200000000000003,16.72741494724813,120.99999999999442,0,629,0.004305643214258205
10035,1,0,1,1,1,0.0,1.4999999999999851,1.4999999999999851,1.499999999999985,0.002999999999999968,0.04200000000000003,16.549269469254217,121.2499999999944,0,644,0.004161404466674279
10050,1,0,1,1,1,0.0,1.4999999999999851,1.4999999999999851,1.499999999999985,0.002999999999999968,0.04200000000000003,16.757130669798183,121.49999999999439,0,659,0.004050849539499483
10065,1,0,1,1,1,0.0,1.4999999999999851,1.4999999999999851,1.499999999999985,0.002999999999999968,0.04200000000000003,16.63808814368754,121.74999999999437,0,674,0.003918558525537773
10080,1,0,1,1,1,0.0,1.4999999999999851,1.4999999999999851,1.499999999999985,0.002999999999999968,0.04200000000000003,16.550758921504016,121.99999999999436,0,689,0.0036637035371728504
10095,1,0,1,1,1,0.0,1.4999999999999851,1.4999999999999851,1.499999999999985,0.002999999999999968,0.04200000000000003,15.95034010456071,122.24999999999434,0,704,0.003525284234016734
10110,1,0,1,1,1,0.0,1.4999999999999851,1.4999999999999851,1.499999999999985,0.002999999999999968,0.04200000000000003,15.994989433655176,122.49999999999433,0,719,0.0033659600699612255
10125,1,0,1,1,1,0.0,1.4999999999999851,1.4999999999999851,1.499999999999985,0.002999999999999968,0.04200000000000003,16.06428298045423,122.74999999999432,0,734,0.0032762848872821583
10140,1,0,1,1,1,0.0,1.4999999999999851,1.4999999999999851,1.499999999999985,0.002999999999999968,0.04200000000000003,15.372775766346122,122.9999999999943,0,749,0.0029736494070244568
10155,1,0,1,1,1,0.0,1.4999999999999851,1.4999999999999851,1.499999999999985,0.002999999999999968,0.04200000000000003,15.708748617950578,123.24999999999429,0,764,0.0028781928236702426
10170,1,1,1,1,1,1.0377649068832397,1.4999999999999851,1.4999999999999851,1.499999999999985,0.002999999999999968,0.04200000000000003,14.857448154812895,123.49999999999427,0,779,0.0026788395791598465
10185,1,1,1,1,1,1.7380520105361938,1.4999999999999851,1.4999999999999851,1.499999999999985,0.002999999999999968,0.04200000000000003,14.821680205365558,123.74999999999426,0,794,0.0024514068401159847
10200,1,1,1,1,1,1.5808391571044922,1.4999999999999851,1.4999999999999851,1.499999999999985,0.002999999999999968,0.04200000000000003,14.556387970593644,123.99999999999424,0,809,0.0022942049835574236
10215,1,1,1,1,1,1.4583053588867188,1.4999999999999851,1.4999999999999851,1.499999999999985,0.002999999999999968,0.04200000000000003,15.04085920709019,124.24999999999423,0,824,0.002226425961753104
10230,1,1,1,1,1,1.2936193943023682,1.4999999999999851,1.4999999999999851,1.499999999999985,0.002999999999999968,0.04200000000000003,14.821981766635277,124.49999999999422,0,839,0.002001514483494163
10245,1,1,1,1,1,2.9458770751953125,1.4999999999999851,1.4999999999999851,1.499999999999985,0.002999999999999968,0.04200000000000003,13.999172267560697,124.7499999999942,0,854,0.0016080243303531602
10260,1,1,1,1,1,5.013123035430908,1.4999999999999851,1.4999999999999851,1.499999999999985,0.002999999999999968,0.04200000000000003,13.239406089237173,124.99999999999419,0,869,0.0013550147819119001
10275,1,1,1,1,1,5.568197727203369,1.4999999999999851,1.4999999999999851,1.499999999999985,0.002999999999999968,0.04200000000000003,11.70311084475333,125.24999999999417,0,884,0.0011848444002431516
10290,1,1,1,1,1,6.835131645202637,1.4999999999999851,1.4999999999999851,1.499999999999985,0.002999999999999968,0.04200000000000003,9.85364229029263,125.49999999999416,0,899,0.0007338792874283287
10305,1,1,1,1,1,6.641932010650635,1.4999999999999851,1.4999999999999851,1.499999999999985,0.002999999999999968,0.04200000000000003,8.907037029442503,125.74999999999415,0,914,0.00031166194321589793
10320,1,1,1,1,1,5.961291790008545,1.4999999999999851,1.4999999999999851,1.499999999999985,0.002999999999999968,0.04200000000000003,6.975516301451298,125.99999999999413,0,929,-0.00026696759795815663
10335,1,1,1,1,1,8.838385581970215,1.4999999999999851,1.4999999999999851,1.499999999999985,0.002999999999999968,0.04200000000000003,5.923510378388755,126.24999999999412,0,944,-0.0006104988869025634
10350,1,1,1,1,1,9.628750801086426,1.4999999999999851,1.4999999999999851,1.499999999999985,0.002999999999999968,0.04200000000000003,5.519856695433589,126.4999999999941,0,959,-0.0007493355478714768
10365,1,1,1,1,1,10.162734985351562,1.4999999999999851,1.4999999999999851,1.499999999999985,0.002999999999999968,0.04203254699707033,5.125111809096921,126.74999999999409,0,974,-0.0008294084152361656
10380,1,1,1,1,1,10.899209976196289,1.3085982820547062,1.3085982820547062,1.3221637187931985,0.002584945303515239,0.04254549772472213,4.532100002222487,126.99999999999407,0,989,-0.0006790060183037153
10395,1,1,1,1,1,10.801543235778809,1.2817151288470667,1.2817151288470667,1.298878857034334,0.0025274016071023322,0.0425770400558963,4.889764163079199,127.24999999999406,0,1004,-0.0005657662755050623
10410,1,1,1,1,1,5.619673728942871,1.4177284051157926,1.4177284051157926,1.4092600404192765,0.002820712922850639,0.042160907406608855,5.1079043485084465,127.49999999999405,0,1019,-0.0008961901226761266
10425,1,1,1,1,1,6.198309898376465,1.483760536131893,1.483760536131893,1.4820861437901969,0.0029646101576460554,0.04203176141684091,5.491513804457094,127.74999999999403,0,1034,-0.0011833144871876372
10440,1,1,1,1,1,6.781514644622803,1.4967945406245815,1.4967945406245815,1.496464037288878,0.002993014504482479,0.042006269291415675,5.284899164778532,127.99999999999402,0,1049,-0.0013039056367743905
10455,1,1,1,1,1,7.0337653160095215,1.4993672839270151,1.4993672839270151,1.4993020468585678,0.0029986211538584467,0.04200123747674837,5.453054518234904,128.2499999999942,0,1064,-0.001290388733533316
10470,1,1,1,1,1,7.386581897735596,1.4998751100600152,1.4998751100600152,1.499862233109499,0.0029997278336694466,0.04200024426184735,5.380770274952718,128.4999999999944,0,1079,-0.0011678773541966396
10485,1,1,1,1,1,10.300468444824219,1.1570028861876125,1.1570028861876125,1.169550728242558,0.002250983168303834,0.04271731905628394,6.033974918943062,128.7499999999946,0,1094,-0.0006956799858488483
10500,1,1,1,1,1,10.583720207214355,1.295340896573134,1.295340896573134,1.2875213377780623,0.0025462746129964187,0.042511447577829244,6.4017730426379735,128.9999999999948,0,1109,-0.0002279104504337595
10515,1,1,1,1,1,8.592752456665039,1.3571490394356287,1.3571490394356287,1.34474935430002,0.002689207248055832,0.04227928369796057,7.657598494105587,129.249999999995,0,1124,2.6052029940651996e-05
10530,1,1,1,1,1,7.680156230926514,1.3645670318523746,1.3645670318523746,1.3740905049638115,0.0027109816306167614,0.042262447413858366,8.320497151931427,129.4999999999952,0,1139,0.00011950418529335369
10545,1,1,1,1,1,8.688441276550293,1.4628574276118895,1.4628574276118895,1.4590340726208977,0.002919058480572917,0.04207264375008606,9.449875352629949,129.7499999999954,0,1154,0.0002226986840899423
10560,1,1,1,1,1,7.492838382720947,1.4926684847850122,1.4926684847850122,1.4919125587856805,0.0029840227996572183,0.04201433910089103,11.160029090008706,129.9999999999956,0,1169,0.0003191684015928368
10575,1,1,1,1,1,6.293457508087158,1.4985528540613984,1.4985528540613984,1.4984036440718334,0.0029968463080378357,0.04200283035239182,12.274965980593393,130.2499999999958,0,1184,0.0009162706598537165
10590,1,1,1,1,1,6.9785075187683105,1.4997143521760592,1.4997143521760592,1.4996849000609052,0.0029993775021424293,0.04200055867482342,13.142755681147142,130.499999999996,0,1199,0.0014602544387978806
10605,1,1,1,1,1,8.013811111450195,1.4999436168273377,1.4999436168273377,1.4999378033621023,0.0029998771270031005,0.042000110275158396,14.232052493229892,130.7499999999962,0,1214,0.00195844433445451
10620,1,1,1,1,1,5.593475341796875,1.4999888706935849,1.4999888706935849,1.4999877231910081,0.002999975746465336,0.04200002176688487,14.408163121611036,130.9999999999964,0,1229,0.002233043992721286
10635,1,1,1,1,1,4.645390033721924,1.499997803219376,1.499997803219376,1.499997576717262,0.0029999952126670767,0.042000004296500526,14.817345362726208,131.2499999999966,0,1244,0.0024727732402972527
10650,1,0,1,1,1,0.0,1.4999995663840184,1.4999995663840184,1.4999995216754418,0.0029999990550426195,0.042000000848073434,14.5177176913771,131.4999999999968,0,1259,0.0025083191224856667
10665,1,0,1,1,1,0.0,1.4999999144098328,1.4999999144098328,1.4999999055849398,0.0029999998134776773,0.04200000016739869,15.323375804502001,131.749999999997,0,1274,0.002386463309807785
10680,1,0,1,1,1,0.0,1.4999999831056106,1.4999999831056106,1.4999999813636915,0.0029999999631829116,0.04200000003304233,15.653395714188527,131.9999999999972,0,1289,0.0025159132103850326
10695,1,0,1,1,1,0.0,1.499999996665265,1.499999996665265,1.4999999963214334,0.002999999992732781,0.042000000006522126,15.765026776055421,132.24999999999739,0,1304,0.002804169500152597
10710,1,0,1,1,1,0.0,1.499999999341767,1.499999999341767,1.4999999992738997,0.002999999998565546,0.04200000000128738,16.10111626608737,132.49999999999758,0,1319,0.003041881486533
10725,1,0,1,1,1,0.0,1.4999999998700753,1.4999999998700753,1.4999999998566782,0.002999999999716861,0.042000000000254105,16.27768266014451,132.74999999999778,0,1334,0.0032001543870813806
10740,1,0,1,1,1,0.0,1.4999999999743534,1.4999999999743534,1.4999999999717097,0.00299999999994411,0.04200000000005016,16.329226590934287,132.99999999999798,0,1349,0.003359383462363557
10755,1,0,1,1,1,0.0,1.4999999999949385,1.4999999999949385,1.4999999999944165,0.00299999999998897,0.0420000000000099,16.350199198077192,133.24999999999818,0,1364,0.00347781439330807
10770,1,0,1,1,1,0.0,1.4999999999990015,1.4999999999990015,1.4999999999988982,0.002999999999997824,0.04200000000000195,16.632228057384914,133.49999999999838,0,1379,0.003651774372518913
10785,1,0,1,1,1,0.0,1.499999999999807,1.499999999999807,1.4999999999997866,0.0029999999999995794,0.04200000000000038,16.584257919594585,133.74999999999858,0,1394,0.003773623253535054
10800,1,0,1,1,1,0.0,1.499999999999963,1.499999999999963,1.4999999999999591,0.0029999999999999194,0.04200000000000007,16.25692392806959,133.99999999999878,0,1409,0.003869535144222225
10815,1,0,1,1,1,0.0,1.4999999999999851,1.4999999999999851,1.499999999999985,0.002999999999999968,0.04200000000000003,15.938408015553955,134.24999999999898,0,1424,0.0038971468304281748
10830,1,0,1,1,1,0.0,1.4999999999999851,1.4999999999999851,1.499999999999985,0.002999999999999968,0.04200000000000003,14.81078875063808,134.49999999999918,0,1439,0.0038866784801094715
10845,1,0,1,1,1,0.0,1.4999999999999851,1.4999999999999851,1.499999999999985,0.002999999999999968,0.04200000000000003,14.161610145098264,134.74999999999937,0,1454,0.003890342636897765
10860,1,0,1,1,1,0.14060813188552856,1.4999999999999851,1.4999999999999851,1.499999999999985,0.002999999999999968,0.04200000000000003,13.190336161915102,134.99999999999957,0,1469,0.00387698731863599
10875,1,1,1,1,1,2.3535892963409424,1.4999999999999851,1.4999999999999851,1.499999999999985,0.002999999999999968,0.04200000000000003,12.575313986346048,135.24999999999977,0,1484,0.0038151269749663536
10890,1,1,1,1,1,2.3960509300231934,1.4999999999999851,1.4999999999999851,1.499999999999985,0.002999999999999968,0.04200000000000003,13.782163358353552,135.49999999999997,0,1499,0.003979794971589608
10905,1,0,1,1,1,0.0,1.4999999999999851,1.4999999999999851,1.499999999999985,0.002999999999999968,0.04200000000000003,15.612364870987468,135.75000000000017,0,1514,0.0041254231210608155
10920,1,0,1,1,1,0.0,1.4999999999999851,1.4999999999999851,1.499999999999985,0.002999999999999968,0.04200000000000003,16.133689898305356,136.00000000000037,0,1529,0.004360068124223463
10935,1,0,1,1,1,0.0,1.4999999999999851,1.4999999999999851,1.499999999999985,0.002999999999999968,0.04200000000000003,16.847998992009682,136.25000000000057,0,1544,0.00488715740839469
10950,1,0,1,1,1,0.0,1.4999999999999851,1.4999999999999851,1.499999999999985,0.002999999999999968,0.04200000000000003,18.177236559384056,136.50000000000077,0,1559,0.005229110014928447
10965,1,0,1,1,1,0.0,1.4999999999999851,1.4999999999999851,1.499999999999985,0.002999999999999968,0.04200000000000003,18.13318771042752,136.75000000000097,0,1574,0.0053751315500239075
10980,1,0,1,1,1,0.0,1.4999999999999851,1.4999999999999851,1.499999999999985,0.002999999999999968,0.04200000000000003,18.237421584763986,137.00000000000117,0,1589,0.005391941689068912
10995,1,0,1,1,1,0.0,1.4999999999999851,1.4999999999999851,1.499999999999985,0.002999999999999968,0.04200000000000003,18.313151639460624,137.25000000000136,0,1604,0.005636985768899773
11010,1,0,1,1,1,0.0,1.4999999999999851,1.4999999999999851,1.499999999999985,0.002999999999999968,0.04200000000000003,16.154600341738572,137.50000000000156,0,1619,0.005244833173385898
11025,1,0,1,1,1,0.0,1.4999999999999851,1.4999999999999851,1.499999999999985,0.002999999999999968,0.04200000000000003,15.565672215082543,137.75000000000176,0,1634,0.004794242605279446
11040,1,0,1,1,1,0.0,1.4999999999999851,1.4999999999999851,1.499999999999985,0.002999999999999968,0.04200000000000003,14.036595450106814,138.00000000000196,0,1649,0.004162188974998376
11055,1,0,1,1,1,0.0,1.4999999999999851,1.4999999999999851,1.499999999999985,0.002999999999999968,0.04200000000000003,12.427644316434991,138.25000000000216,0,1664,0.0037686927503845693
11070,1,1,1,1,1,2.224588394165039,1.4999999999999851,1.4999999999999851,1.499999999999985,0.002999999999999968,0.04200000000000003,12.721583805732864,138.50000000000236,0,1679,0.003696392963706627
11085,1,1,1,1,1,2.8608129024505615,1.4999999999999851,1.4999999999999851,1.499999999999985,0.002999999999999968,0.04200000000000003,13.742045761258431,138.75000000000256,0,1694,0.003944826301648773
11100,1,1,1,1,1,2.4004199504852295,1.4999999999999851,1.4999999999999851,1.499999999999985,0.002999999999999968,0.04200000000000003,14.342389514283758,139.00000000000276,0,1709,0.003995902111787765
11115,1,1,1,1,1,1.9534724950790405,1.4999999999999851,1.4999999999999851,1.499999999999985,0.002999999999999968,0.04200000000000003,15.883425483552912,139.25000000000296,0,1724,0.003884234875710163
11130,1,0,1,1,1,0.0,1.4999999999999851,1.4999999999999851,1.499999999999985,0.002999999999999968,0.04200000000000003,15.967450915057416,139.50000000000315,0,1739,0.003971170338517176
11145,1,0,1,1,1,0.0,1.4999999999999851,1.4999999999999851,1.499999999999985,0.002999999999999968,0.04200000000000003,16.550396557560298,139.75000000000335,0,1754,0.003970668338846524
11160,1,0,1,1,1,0.0,1.4999999999999851,1.4999999999999851,1.499999999999985,0.002999999999999968,0.04200000000000003,16.97510056849208,140.00000000000355,0,1769,0.003915552596185942
11175,1,0,1,1,1,0.10779081284999847,1.4999999999999851,1.4999999999999851,1.499999999999985,0.002999999999999968,0.04200000000000003,16.681857870878222,140.25000000000375,0,1784,0.003865422829728424
11190,1,0,1,1,1,0.0,1.4999999999999851,1.4999999999999851,1.499999999999985,0.002999999999999968,0.04200000000000003,16.64560588676718,140.50000000000395,0,1799,0.003629799926570055
11205,1,0,1,1,1,0.0,1.4999999999999851,1.4999999999999851,1.499999999999985,0.002999999999999968,0.04200000000000003,15.984958365614526,140.75000000000415,0,1814,0.00338326087522115
11220,1,0,1,1,1,0.0,1.4999999999999851,1.4999999999999851,1.499999999999985,0.002999999999999968,0.04200000000000003,15.64868761778061,141.00000000000435,0,1829,0.00302270731465742
11235,1,0,1,1,1,0.0,1.4999999999999851,1.4999999999999851,1.499999999999985,0.002999999999999968,0.04200000000000003,15.705422519793062,141.25000000000455,0,1844,0.0030411140093775644
11250,1,0,1,1,1,0.0,1.4999999999999851,1.4999999999999851,1.499999999999985,0.002999999999999968,0.04200000000000003,15.415716261568829,141.50000000000475,0,1859,0.00285596762701828
11265,1,0,1,1,1,0.0,1.4999999999999851,1.4999999999999851,1.499999999999985,0.002999999999999968,0.04200000000000003,15.525623824438604,141.75000000000495,0,1874,0.0027793070305986035
11280,1,0,1,1,1,0.0,1.4999999999999851,1.4999999999999851,1.499999999999985,0.002999999999999968,0.04200000000000003,14.654092650952329,142.00000000000514,0,1889,0.002447259806064873
11295,1,0,1,1,1,0.0,1.4999999999999851,1.4999999999999851,1.499999999999985,0.002999999999999968,0.04200000000000003,14.9139480878319,142.25000000000534,0,1904,0.0022378792167120657
11310,1,0,1,1,1,0.0,1.4999999999999851,1.4999999999999851,1.499999999999985,0.002999999999999968,0.04200000000000003,13.277501022850547,142.50000000000554,0,1919,0.001751480730832076
11325,1,0,1,1,1,0.0,1.4999999999999851,1.4999999999999851,1.499999999999985,0.002999999999999968,0.04200000000000003,12.175342268600714,142.75000000000574,0,1934,0.0009700530220846187
11340,1,0,1,1,1,0.0,1.4999999999999851,1.4999999999999851,1.499999999999985,0.002999999999999968,0.04200000000000003,10.517584446198867,143.00000000000594,0,1949,0.0002753974389283539
11355,1,1,1,1,1,0.9570778012275696,1.4999999999999851,1.4999999999999851,1.499999999999985,0.002999999999999968,0.04200000000000003,10.119444017721307,143.25000000000614,0,1964,9.897388973363142e-05
11370,1,0,1,1,1,0.4955877363681793,1.4999999999999851,1.4999999999999851,1.499999999999985,0.002999999999999968,0.04200000000000003,9.22855317088397,143.50000000000634,0,1979,-2.877148795000584e-05
11385,1,1,1,1,1,0.7477387189865112,1.4999999999999851,1.4999999999999851,1.499999999999985,0.002999999999999968,0.04200000000000003,8.486762500327538,143.75000000000654,0,1994,-0.0002985646549777893
11400,1,1,1,1,1,0.8646140694618225,1.4999999999999851,1.4999999999999851,1.499999999999985,0.002999999999999968,0.04200000000000003,7.0690776605062755,144.00000000000674,0,2009,-0.0007484855263140101
11415,1,1,1,1,1,1.2135136127471924,1.4999999999999851,1.4999999999999851,1.499999999999985,0.002999999999999968,0.04200000000000003,6.850592533265553,144.25000000000693,0,2024,-0.0009990067154151809
11430,1,1,1,1,1,2.1351377964019775,1.4999999999999851,1.4999999999999851,1.499999999999985,0.002999999999999968,0.04200000000000003,5.97979922444995,144.50000000000713,0,2039,-0.0011970625107179673
11445,1,1,1,1,1,2.6721720695495605,1.4999999999999851,1.4999999999999851,1.499999999999985,0.002999999999999968,0.04200000000000003,5.6202305768282885,144.75000000000733,0,2054,-0.0013746367922920551
11460,1,1,1,1,1,3.2438488006591797,1.4999999999999851,1.4999999999999851,1.499999999999985,0.002999999999999968,0.04200000000000003,5.795430324531259,145.00000000000753,0,2069,-0.0014729673719663396
11475,0,0,0,1,0,0.0,0.036000000000000004,0.036000000000000004,0.03822333324609373,0.0,0.06121974115377578,5.41196766534257,145.1000000000076,0,0,0.0036892107609466573
11490,0,0,0,1,0,0.0,0.036000000000000004,0.036000000000000004,0.03600001396986692,0.0,0.059719741153775735,5.41196766534257,145.1000000000076,0,0,0.011248457652960503
11505,0,0,0,1,0,0.0,0.036000000000000004,0.036000000000000004,0.03600000000008778,0.0,0.05821974115377569,5.41196766534257,145.1000000000076,0,0,0.013623202398501672
11520,0,0,0,1,0,0.0,0.036000000000000004,0.036000000000000004,0.036000000000000004,0.0,0.05671974115377565,5.41196766534257,145.1000000000076,0,0,0.013633330833766867
11535,0,0,0,1,0,0.0,0.036000000000000004,0.036000000000000004,0.036000000000000004,0.0,0.055219741153775606,5.41196766534257,145.1000000000076,0,0,0.01270059773633585
11550,0,0,0,1,0,0.0,0.036000000000000004,0.036000000000000004,0.036000000000000004,0.0,0.05371974115377556,5.41196766534257,145.1000000000076,0,0,0.011412327878908123
11565,0,0,0,1,0,0.0,0.036000000000000004,0.036000000000000004,0.036000000000000004,0.0,0.05221974115377552,5.41196766534257,145.1000000000076,0,0,0.009992964950345427
11580,0,0,0,1,0,0.0,0.036000000000000004,0.036000000000000004,0.036000000000000004,0.0,0.05071974115377548,5.41196766534257,145.1000000000076,0,0,0.008527087460683683
11595,0,0,0,1,0,0.0,0.036000000000000004,0.036000000000000004,0.036000000000000004,0.0,0.049219741153775434,5.41196766534257,145.1000000000076,0,0,0.007044486925261272
11610,0,0,0,1,0,0.0,0.036000000000000004,0.036000000000000004,0.036000000000000004,0.0,0.04771974115377539,5.41196766534257,145.1000000000076,0,0,0.005555443445471257
11625,0,0,0,1,0,0.0,0.036000000000000004,0.036000000000000004,0.036000000000000004,0.0,0.04621974115377535,5.41196766534257,145.1000000000076,0,0,0.004062841417319853
11640,0,0,0,1,1,0.0,0.12612942311234507,0.12612942311234507,0.09550321493209485,0.00018025884622469013,0.044719741153775305,5.41196766534257,145.1000000000076,0,0,0.002500642427579363
11655,1,1,1,1,1,2.1414079666137695,0.8761294231123666,0.8761294231123666,0.8352203968136982,0.001680258846224733,0.04321974115377526,5.479876110021542,145.25000000000773,0,10,0.0009130913856237558
11670,1,1,1,1,1,3.1376991271972656,1.371732148073198,1.371732148073198,1.3585070235999666,0.0027204723314651694,0.04225086849207242,5.348839323672033,145.50000000000793,0,25,-0.0003207448344562929
11685,1,1,1,1,1,4.619070529937744,1.4746815829396958,1.4746815829396958,1.4720710924265745,0.002944824854047179,0.042049518186364,5.280339958434137,145.75000000000813,0,40,-0.0010668744675718317
11700,1,1,1,1,1,4.410732269287109,1.4950024731120999,1.4950024731120999,1.4944871961694601,0.002989109142376961,0.042009774247229015,5.519729073402661,146.00000000000833,0,55,-0.0013996920854323328
11715,0,0,0,1,0,0.0,0.036000000000000004,0.036000000000000004,0.04696213169437785,0.0,0.06143324855574571,5.481007011287373,146.13333333334177,2,0,0.002029158688597451
11730,0,0,0,1,0,0.0,0.036000000000000004,0.036000000000000004,0.03600006887834793,0.0,0.059933248555745666,5.481007011287373,146.13333333334177,0,0,0.010452462118786922
11745,0,0,0,1,0,0.0,0.036000000000000004,0.036000000000000004,0.03600000000043279,0.0,0.05843324855574562,5.481007011287373,146.13333333334177,0,0,0.013301277969368495
11760,0,0,0,1,0,0.0,0.036000000000000004,0.036000000000000004,0.036000000000000004,0.0,0.05693324855574558,5.481007011287373,146.13333333334177,0,0,0.013523487018811469
11775,0,0,0,1,0,0.0,0.036000000000000004,0.036000000000000004,0.036000000000000004,0.0,0.05543324855574554,5.481007011287373,146.13333333334177,0,0,0.012676554464600295
11790,0,0,0,1,0,0.0,0.036000000000000004,0.036000000000000004,0.036000000000000004,0.0,0.053933248555745494,5.481007011287373,146.13333333334177,0,0,0.01142180484813543
11805,0,0,0,1,0,0.0,0.036000000000000004,0.036000000000000004,0.036000000000000004,0.0,0.05243324855574545,5.481007011287373,146.13333333334177,0,0,0.010016076424187396
11820,0,0,0,1,0,0.0,0.036000000000000004,0.036000000000000004,0.036000000000000004,0.0,0.05093324855574541,5.481007011287373,146.13333333334177,0,0,0.008555379741058314
11835,0,0,0,1,0,0.0,0.036000000000000004,0.036000000000000004,0.036000000000000004,0.0,0.049433248555745365,5.481007011287373,146.13333333334177,0,0,0.0070735261932555775
11850,0,0,0,1,0,0.0,0.036000000000000004,0.036000000000000004,0.036000000000000004,0.0,0.04793324855574532,5.481007011287373,146.13333333334177,0,0,0.005585810343394667
11865,0,0,0,1,0,0.0,0.036000000000000004,0.036000000000000004,0.036000000000000004,0.0,0.04643324855574528,5.481007011287373,146.13333333334177,0,0,0.004095027771492368
11880,1,1,0,1,1,0.5236063003540039,0.036000000000000004,0.036000000000000004,0.036000000000000004,0.0,0.04493324855574524,5.481007011287373,146.13333333334177,0,1,0.00246570259405286
11895,1,1,1,1,1,1.4820045232772827,0.7693757221274009,0.7693757221274009,0.7284669927176506,0.0014667514442548019,0.043433248555745194,6.001099044395765,146.38333333334197,0,16,0.0009717797561547245
11910,1,1,1,1,1,2.667295217514038,1.3384753908273852,1.3384753908273852,1.3218216061040162,0.002647997176179105,0.042315913272495925,5.974680418848058,146.63333333334216,0,31,-0.0002745565503670382
11925,1,1,1,1,1,2.9504623413085938,1.468117062943285,1.468117062943285,1.4648297284938434,0.002930519127586552,0.04206235718509693,6.614621844290303,146.88333333334236,0,46,-0.0009530275950017602
11940,1,1,1,1,1,2.655148506164551,1.4937067220740303,1.4937067220740303,1.4930578449230687,0.002986285377665522,0.04201230849892539,6.920235600729285,147.13333333334256,0,61,-0.0010984044377339217
11955,1,1,1,1,1,1.5291056632995605,1.4987577886258396,1.4987577886258396,1.4986297086988385,0.00299729291157063,0.04200242953792027,7.132872720653369,147.38333333334276,0,76,-0.0010340878004635181
11970,1,1,1,1,1,1.4856873750686646,1.4997548035989754,1.4997548035989754,1.4997295222838973,0.0029994656558827715,0.04200047955924941,8.331174130716592,147.63333333334296,0,91,-0.0009088828231550172
11985,1,1,1,1,1,1.8646756410598755,1.4999516014131533,1.4999516014131533,1.4999466112097148,0.0029998945274071903,0.042000094658771026,9.081779813135125,147.88333333334316,0,106,-0.0007186724466256626
12000,1,0,1,1,1,0.4169899821281433,1.4999904467471863,1.4999904467471863,1.4999894617458018,0.0029999791810792487,0.04200001868441269,9.282711542291583,148.13333333334336,0,121,-0.000453785008463315
12015,1,1,1,1,1,0.5187131762504578,1.4999981143118961,1.4999981143118961,1.4999979198854092,0.0029999958906152743,0.04200000368806054,10.136689925066367,148.38333333334356,0,136,-0.0002371161598160599
12030,1,0,1,1,1,0.2982592284679413,1.4999996277896495,1.4999996277896495,1.4999995894123836,0.002999999188860805,0.042000000727975266,10.179345780047642,148.63333333334376,0,151,-3.4060794918215815e-05
12045,1,0,1,1,1,0.2138301134109497,1.4999999265305086,1.4999999265305086,1.4999999189553346,0.0029999998398916525,0.042000000143692866,11.666570581198949,148.88333333334396,0,166,0.00017707040581407612
12060,1,0,1,1,1,0.0,1.499999985498077,1.499999985498077,1.4999999840028364,0.0029999999683966924,0.042000000028363106,12.941642996376293,149.13333333334415,0,181,0.0005996709041403238
12075,1,0,1,1,1,0.0,1.499999997137508,1.499999997137508,1.4999999968423667,0.0029999999937619162,0.04200000000559851,13.187550594211125,149.38333333334435,0,196,0.0010697247575286982
12090,1,0,1,1,1,0.07437430322170258,1.4999999994349806,1.4999999994349806,1.499999999376724,0.002999999998768682,0.04200000000110507,15.104444090871718,149.63333333334455,0,211,0.001569172709486253
12105,1,0,1,1,1,0.0849042683839798,1.4999999998884725,1.4999999998884725,1.4999999998769735,0.002999999999756954,0.04200000000021813,15.324216563080533,149.88333333334475,0,226,0.0018406100459016867
12120,1,0,1,1,1,0.0,1.4999999999779867,1.4999999999779867,1.4999999999757165,0.002999999999952027,0.04200000000004305,15.919694214249228,150.13333333334495,0,241,0.0021899348987610883
12135,1,0,1,1,1,0.15320229530334473,1.499999999995655,1.499999999995655,1.4999999999952065,0.002999999999990531,0.042000000000008496,15.514410766521818,150.38333333334515,0,256,0.0024882180390316277
12150,1,0,1,1,1,0.43995654582977295,1.499999999999145,1.499999999999145,1.4999999999990563,0.002999999999998136,0.04200000000000167,16.352345303509754,150.63333333334535,0,271,0.002740547203938332
12165,1,1,1,1,1,1.1184104681015015,1.4999999999998326,1.4999999999998326,1.499999999999815,0.002999999999999635,0.04200000000000033,16.24573145089214,150.88333333334555,0,286,0.0030112370457943153
12180,1,1,1,1,1,1.9630378484725952,1.499999999999966,1.499999999999966,1.4999999999999631,0.0029999999999999263,0.042000000000000065,16.035129999317764,151.13333333334575,0,301,0.003180866237031502
12195,1,1,1,1,1,1.076935887336731,1.4999999999999851,1.4999999999999851,1.499999999999985,0.002999999999999968,0.04200000000000003,15.722014239855145,151.38333333334594,0,316,0.0032473939078296855
12210,1,1,1,1,1,0.8058730363845825,1.4999999999999851,1.4999999999999851,1.499999999999985,0.002999999999999968,0.04200000000000003,14.990181688144565,151.63333333334614,0,331,0.0032876359530400307
12225,1,0,1,1,1,0.0,1.4999999999999851,1.4999999999999851,1.499999999999985,0.002999999999999968,0.04200000000000003,13.873862580778706,151.88333333334634,0,346,0.0032309061235784794
12240,1,0,1,1,1,0.0,1.4999999999999851,1.4999999999999851,1.499999999999985,0.002999999999999968,0.04200000000000003,12.397342883468562,152.13333333334654,0,361,0.003012191437166991
12255,1,1,1,1,1,1.3715344667434692,1.4999999999999851,1.4999999999999851,1.499999999999985,0.002999999999999968,0.04200000000000003,11.300755997123508,152.38333333334674,0,376,0.0028185157391795133
12270,1,1,1,1,1,5.608991622924805,1.4999999999999851,1.4999999999999851,1.499999999999985,0.002999999999999968,0.04200000000000003,10.870376744105258,152.63333333334694,0,391,0.0030064910616699435
12285,1,1,1,1,1,5.491591453552246,1.4999999999999851,1.4999999999999851,1.499999999999985,0.002999999999999968,0.04200000000000003,11.293071941634656,152.88333333334714,0,406,0.0032531689754131217
12300,1,1,1,1,1,4.463647365570068,1.4999999999999851,1.4999999999999851,1.499999999999985,0.002999999999999968,0.04200000000000003,10.92643098550583,153.13333333334734,0,421,0.00340083815389517
12315,1,1,1,1,1,1.990977168083191,1.4999999999999851,1.4999999999999851,1.499999999999985,0.002999999999999968,0.04200000000000003,12.754719970411163,153.38333333334754,0,436,0.0035403583906989874
12330,1,0,1,1,1,0.0,1.4999999999999851,1.4999999999999851,1.499999999999985,0.002999999999999968,0.04200000000000003,14.805137413267591,153.63333333334774,0,451,0.0037644421305914905
12345,1,0,1,1,1,0.0,1.4999999999999851,1.4999999999999851,1.499999999999985,0.002999999999999968,0.04200000000000003,17.15665408672333,153.88333333334793,0,466,0.004087418766201354
12360,1,0,1,1,1,0.0,1.4999999999999851,1.4999999999999851,1.499999999999985,0.002999999999999968,0.04200000000000003,17.911906768957845,154.13333333334813,0,481,0.004715937487824577
12375,1,0,1,1,1,0.0,1.4999999999999851,1.4999999999999851,1.499999999999985,0.002999999999999968,0.04200000000000003,16.170501111957957,154.38333333334833,0,496,0.00484708871666669
12390,1,0,1,1,1,0.0,1.4999999999999851,1.4999999999999851,1.499999999999985,0.002999999999999968,0.04200000000000003,14.794032581809983,154.63333333334853,0,511,0.004413953926039304
12405,1,0,1,1,1,0.0,1.4999999999999851,1.4999999999999851,1.499999999999985,0.002999999999999968,0.04200000000000003,14.312195786082464,154.88333333334873,0,526,0.004181782698322913
12420,1,0,1,1,1,0.0,1.4999999999999851,1.4999999999999851,1.499999999999985,0.002999999999999968,0.04200000000000003,12.870364270300572,155.13333333334893,0,541,0.003964297452180021
12435,1,0,1,1,1,0.0,1.4999999999999851,1.4999999999999851,1.499999999999985,0.002999999999999968,0.04200000000000003,10.814022956672002,155.38333333334913,0,556,0.0032343536422004644
12450,1,1,1,1,1,1.2184756994247437,1.4999999999999851,1.4999999999999851,1.499999999999985,0.002999999999999968,0.04200000000000003,10.884357769833095,155.63333333334933,0,571,0.003103658004230108
12465,1,1,1,1,1,4.7512006759643555,1.4999999999999851,1.4999999999999851,1.499999999999985,0.002999999999999968,0.04200000000000003,10.731257239996916,155.88333333334953,0,586,0.003063199293432426
12480,1,1,1,1,1,6.7105207443237305,1.4999999999999851,1.4999999999999851,1.499999999999985,0.002999999999999968,0.04200000000000003,10.812182443104481,156.13333333334973,0,601,0.003122955434710226
12495,1,1,1,1,1,6.507095813751221,1.4999999999999851,1.4999999999999851,1.499999999999985,0.002999999999999968,0.04200000000000003,12.557171693980884,156.38333333334992,0,616,0.0033588416768607155
12510,1,1,1,1,1,4.5662360191345215,1.4999999999999851,1.4999999999999851,1.499999999999985,0.002999999999999968,0.04200000000000003,13.494702874852152,156.63333333335012,0,631,0.0035627673456852587
12525,1,0,1,1,1,0.2596844732761383,1.4999999999999851,1.4999999999999851,1.499999999999985,0.002999999999999968,0.04200000000000003,14.301149988374695,156.88333333335032,0,646,0.003419968687252351
12540,1,0,1,1,1,0.07366933673620224,1.4999999999999851,1.4999999999999851,1.499999999999985,0.002999999999999968,0.04200000000000003,15.225605549143362,157.13333333335052,0,661,0.0033220745981113724
12555,1,1,1,1,1,0.8938777446746826,1.4999999999999851,1.4999999999999851,1.499999999999985,0.002999999999999968,0.04200000000000003,15.868289777179129,157.38333333335072,0,676,0.003104906461018896
12570,1,1,1,1,1,1.1205956935882568,1.4999999999999851,1.4999999999999851,1.499999999999985,0.002999999999999968,0.04200000000000003,15.946058435748593,157.63333333335092,0,691,0.0030422612918787092
12585,1,1,1,1,1,1.8440916538238525,1.4999999999999851,1.4999999999999851,1.499999999999985,0.002999999999999968,0.04200000000000003,16.209038707088293,157.88333333335112,0,706,0.003043872781399806
12600,1,1,1,1,1,1.2305339574813843,1.4999999999999851,1.4999999999999851,1.499999999999985,0.002999999999999968,0.04200000000000003,15.758980019878289,158.13333333335132,0,721,0.0028415225866550748
12615,1,1,1,1,1,1.3087164163589478,1.4999999999999851,1.4999999999999851,1.499999999999985,0.002999999999999968,0.04200000000000003,15.482546326620305,158.38333333335152,0,736,0.0026312788262093678
12630,1,1,1,1,1,0.809969425201416,1.4999999999999851,1.4999999999999851,1.499999999999985,0.002999999999999968,0.04200000000000003,14.545148164139794,158.63333333335171,0,751,0.002253479460020185
12645,1,0,1,1,1,0.3545663356781006,1.4999999999999851,1.4999999999999851,1.499999999999985,0.002999999999999968,0.04200000000000003,13.96031794714534,158.8833333333519,0,766,0.0017468786172516746
12660,1,1,1,1,1,3.5149552822113037,1.4999999999999851,1.4999999999999851,1.499999999999985,0.002999999999999968,0.04200000000000003,12.067413745812491,159.1333333333521,0,781,0.0013496161610137385
12675,1,1,1,1,1,2.599454164505005,1.4999999999999851,1.4999999999999851,1.499999999999985,0.002999999999999968,0.04200000000000003,11.268350570429911,159.3833333333523,0,796,0.0011924296552456677
12690,1,1,1,1,1,4.183291435241699,1.4999999999999851,1.4999999999999851,1.499999999999985,0.002999999999999968,0.04200000000000003,9.661091619825708,159.6333333333525,0,811,0.0008035894611847318
12705,1,1,1,1,1,1.7014931440353394,1.4999999999999851,1.4999999999999851,1.499999999999985,0.002999999999999968,0.04200000000000003,8.381783712736997,159.8833333333527,0,826,0.0001873634190124986
12720,1,0,1,1,1,0.3024123013019562,1.4999999999999851,1.4999999999999851,1.499999999999985,0.002999999999999968,0.04200000000000003,7.854734356800692,160.1333333333529,0,841,-0.0003396387460664317
12735,1,1,1,1,1,0.5531805157661438,1.4999999999999851,1.4999999999999851,1.499999999999985,0.002999999999999968,0.04200000000000003,7.7055167826251765,160.3833333333531,0,856,-0.0006726347769188353
12750,1,1,1,1,1,1.2918630838394165,1.4999999999999851,1.4999999999999851,1.499999999999985,0.002999999999999968,0.04200000000000003,7.347775555186338,160.6333333333533,0,871,-0.0009567689079529652
12765,1,1,1,1,1,2.217988967895508,1.4999999999999851,1.4999999999999851,1.499999999999985,0.002999999999999968,0.04200000000000003,6.9763095654608485,160.8833333333535,0,886,-0.0011394877568708035
12780,1,1,1,1,1,1.732947587966919,1.4999999999999851,1.4999999999999851,1.499999999999985,0.002999999999999968,0.04200000000000003,7.415937403651139,161.1333333333537,0,901,-0.0011824212136702793
12795,1,1,1,1,1,1.9646292924880981,1.4999999999999851,1.4999999999999851,1.499999999999985,0.002999999999999968,0.04200000000000003,7.220452027572876,161.3833333333539,0,916,-0.0013475719861955927
12810,0,0,0,1,0,0.0,0.0,0.0,0.3037499999999969,0.0,0.0618353763847516,6.761408692444036,161.58333333335406,6,0,-0.0012396496465177749
12825,0,0,0,1,0,0.0,0.036000000000000004,0.036000000000000004,0.03600168235322933,0.0,0.06033537638475156,6.761408692444036,161.58333333335406,0,0,0.009199024926928099
12840,0,0,0,1,0,0.0,0.036000000000000004,0.036000000000000004,0.03600000001057073,0.0,0.05883537638475152,6.761408692444036,161.58333333335406,0,0,0.013304712519848265
12855,0,0,0,1,0,0.0,0.036000000000000004,0.036000000000000004,0.036000000000000074,0.0,0.057335376384751474,6.761408692444036,161.58333333335406,0,0,0.0140513659508807
12870,0,0,0,1,0,0.0,0.036000000000000004,0.036000000000000004,0.036000000000000004,0.0,0.05583537638475143,6.761408692444036,161.58333333335406,0,0,0.013400830369118046
12885,0,0,0,1,0,0.0,0.036000000000000004,0.036000000000000004,0.036000000000000004,0.0,0.05433537638475139,6.761408692444036,161.58333333335406,0,0,0.012216204951683445
12900,0,0,0,1,0,0.0,0.036000000000000004,0.036000000000000004,0.036000000000000004,0.0,0.052835376384751345,6.761408692444036,161.58333333335406,0,0,0.010834910206209775
12915,0,0,0,1,0,0.0,0.036000000000000004,0.036000000000000004,0.036000000000000004,0.0,0.0513353763847513,6.761408692444036,161.58333333335406,0,0,0.009381700125359311
12930,0,0,0,1,0,0.0,0.036000000000000004,0.036000000000000004,0.036000000000000004,0.0,0.04983537638475126,6.761408692444036,161.58333333335406,0,0,0.00790344392052717
12945,0,0,0,1,0,0.0,0.036000000000000004,0.036000000000000004,0.036000000000000004,0.0,0.048335376384751216,6.761408692444036,161.58333333335406,0,0,0.006413633373604455
12960,0,0,0,1,0,0.0,0.036000000000000004,0.036000000000000004,0.036000000000000004,0.0,0.04683537638475117,6.761408692444036,161.58333333335406,0,0,0.004922251741622674
12975,0,0,0,1,0,0.0,0.036000000000000004,0.036000000000000004,0.036000000000000004,0.0,0.04533537638475113,6.761408692444036,161.58333333335406,0,0,0.0034284893998961937
12990,1,0,0,1,1,0.0,0.568311807624454,0.568311807624454,0.5274116954499307,0.001064623615248908,0.04383537638475109,6.761408692444036,161.58333333335406,0,1,0.0018914026551730572
13005,1,0,1,1,1,0.07524716854095459,1.2504941895745494,1.2504941895745494,1.224768251743638,0.002456234732992904,0.04248803128423042,6.281264617915019,161.83333333335426,0,16,0.0001297261548738797
13020,1,1,1,1,1,1.626808762550354,1.450746568321468,1.450746568321468,1.4456682250580069,0.002892664487121388,0.04209633069091396,5.885333973961659,162.08333333335446,0,31,-0.0011686809886410719
13035,0,0,0,1,0,0.0,0.036000000000000004,0.036000000000000004,0.06005883620915728,0.0,0.061572327909362186,5.885415735813263,162.23333333335458,3,0,0.0011842425203550766
13050,0,0,0,1,0,0.0,0.036000000000000004,0.036000000000000004,0.036000151168854494,0.0,0.06007232790936214,5.885415735813263,162.23333333335458,0,0,0.010167739507916058
13065,0,0,0,1,0,0.0,0.036000000000000004,0.036000000000000004,0.03600000000094984,0.0,0.0585723279093621,5.885415735813263,162.23333333335458,0,0,0.013285101589641425
13080,0,0,0,1,0,0.0,0.036000000000000004,0.036000000000000004,0.03600000000000001,0.0,0.05707232790936206,5.885415735813263,162.23333333335458,0,0,0.013616292653874434
13095,0,0,0,1,0,0.0,0.036000000000000004,0.036000000000000004,0.036000000000000004,0.0,0.055572327909362014,5.885415735813263,162.23333333335458,0,0,0.012810079999883836
13110,0,0,0,1,0,0.0,0.036000000000000004,0.036000000000000004,0.036000000000000004,0.0,0.05407232790936197,5.885415735813263,162.23333333335458,0,0,0.011570083341019423
13125,0,0,0,1,0,0.0,0.036000000000000004,0.036000000000000004,0.036000000000000004,0.0,0.05257232790936193,5.885415735813263,162.23333333335458,0,0,0.010169291377899028
13140,0,0,0,1,0,0.0,0.036000000000000004,0.036000000000000004,0.036000000000000004,0.0,0.051072327909361885,5.885415735813263,162.23333333335458,0,0,0.008710000575703272
13155,0,0,0,1,0,0.0,0.036000000000000004,0.036000000000000004,0.036000000000000004,0.0,0.04957232790936184,5.885415735813263,162.23333333335458,0,0,0.007228780503830675
13170,0,0,0,1,0,0.0,0.036000000000000004,0.036000000000000004,0.036000000000000004,0.0,0.0480723279093618,5.885415735813263,162.23333333335458,0,0,0.005739626714889938
13185,0,0,0,1,0,0.0,0.036000000000000004,0.036000000000000004,0.036000000000000004,0.0,0.046572327909361756,5.885415735813263,162.23333333335458,0,0,0.004249217423745962
13200,0,0,0,1,0,0.0,0.036000000000000004,0.036000000000000004,0.036000000000000004,0.0,0.04507232790936171,5.885415735813263,162.23333333335458,0,0,0.0027239030829008595
13215,1,1,1,1,1,0.8462611436843872,0.6998360453191627,0.6998360453191627,0.6589280305722214,0.0013276720906383252,0.04357232790936167,6.071748220270694,162.28333333335462,0,4,0.0010775430896846046
13230,1,1,1,1,1,2.6867294311523438,1.3122085374343686,1.3122085374343686,1.2928485307081494,0.0025907565245966574,0.042367284988688976,6.1702826113469635,162.53333333335482,0,19,-0.00042300301192977447
13245,1,1,1,1,1,2.6312224864959717,1.4629324387322045,1.4629324387322045,1.4591105364224126,0.0029192205382312236,0.04207249736041999,6.210995052080915,162.78333333335502,0,34,-0.0013325046615779226
13260,0,0,0,1,0,0.0,0.036000000000000004,0.036000000000000004,0.03644211830760681,0.0,0.06107049926659402,5.973250984821431,162.85000000002174,0,0,0.005035826115148578
13275,0,0,0,1,0,0.0,0.036000000000000004,0.036000000000000004,0.03600000277796139,0.0,0.059570499266593975,5.973250984821431,162.85000000002174,0,0,0.011639537771478034
13290,0,0,0,1,0,0.0,0.036000000000000004,0.036000000000000004,0.03600000000001746,0.0,0.05807049926659393,5.973250984821431,162.85000000002174,0,0,0.013566756895787728
13305,0,0,0,1,0,0.0,0.036000000000000004,0.036000000000000004,0.036000000000000004,0.0,0.05657049926659389,5.973250984821431,162.85000000002174,0,0,0.013400188299838748
13320,0,0,0,1,0,0.0,0.036000000000000004,0.036000000000000004,0.036000000000000004,0.0,0.055070499266593846,5.973250984821431,162.85000000002174,0,0,0.012402367343701256
13335,0,0,0,1,0,0.0,0.036000000000000004,0.036000000000000004,0.036000000000000004,0.0,0.0535704992665938,5.973250984821431,162.85000000002174,0,0,0.011091218439149744
13350,0,0,0,1,0,0.0,0.036000000000000004,0.036000000000000004,0.036000000000000004,0.0,0.05207049926659376,5.973250984821431,162.85000000002174,0,0,0.009664971798257949
13365,0,0,0,1,0,0.0,0.036000000000000004,0.036000000000000004,0.036000000000000004,0.0,0.05057049926659372,5.973250984821431,162.85000000002174,0,0,0.00819651638472851
13380,0,0,0,1,0,0.0,0.036000000000000004,0.036000000000000004,0.036000000000000004,0.0,0.049070499266593674,5.973250984821431,162.85000000002174,0,0,0.006711625532645073
13395,0,0,0,1,0,0.0,0.036000000000000004,0.036000000000000004,0.036000000000000004,0.0,0.04757049926659363,5.973250984821431,162.85000000002174,0,0,0.005221312955964551
13410,0,0,0,1,0,0.0,0.036000000000000004,0.036000000000000004,0.036000000000000004,0.0,0.04607049926659359,5.973250984821431,162.85000000002174,0,0,0.003725429659355582
13425,0,0,0,1,1,0.3374463617801666,0.20075036670322505,0.20075036670322505,0.16296425947860005,0.0003295007334064501,0.044570499266593545,5.973250984821431,162.85000000002174,0,0,0.0020983625060948708
13440,1,1,1,1,1,1.547953486442566,0.9507503667032465,0.9507503667032465,0.9098412954167938,0.001829500733406493,0.0430704992665935,6.2110742005988815,163.01666666668854,0,9,0.0005263729567957434
13455,1,1,1,1,1,2.818557024002075,1.390882141645882,1.390882141645882,1.3796314357066386,0.0027622049771388463,0.042213414544887494,7.034149144423063,163.26666666668874,0,24,-0.0005282151825119065
13470,1,1,1,1,1,2.2837860584259033,1.4784615505397325,1.4784615505397325,1.4762407988290618,0.0029530623462856592,0.04204212526208991,7.082741567015808,163.51666666668893,0,39,-0.0011509082008160198
13485,1,1,1,1,1,2.592135429382324,1.4957485896513545,1.4957485896513545,1.4953102420895528,0.0029907351164200208,0.04200831497993943,7.291704187829339,163.76666666668913,0,54,-0.0013526311108400006
13500,1,1,1,1,1,3.042522430419922,1.4991608267816166,1.4991608267816166,1.4990743026627849,0.0029981712322419696,0.04200164126910939,6.967002481350278,164.01666666668933,0,69,-0.001226254033103473
13515,1,1,1,1,1,2.9662442207336426,1.4998343580993838,1.4998343580993838,1.499817279361432,0.002999639024982459,0.04200032396521808,7.28408835308096,164.26666666668953,0,84,-0.0010970162170580253
13530,1,1,1,1,1,3.0693743228912354,1.4999673044388955,1.4999673044388955,1.4999639333177102,0.0029999287482170914,0.042000063946528894,7.298149077854355,164.51666666668973,0,99,-0.0009533713508081975
13545,1,1,1,1,1,1.282349705696106,1.499993546320636,1.499993546320636,1.4999928809050713,0.0029999859358229228,0.042000012622214755,8.21190935404141,164.76666666668993,0,114,-0.0008474505517138268
13560,1,1,1,1,1,1.1245627403259277,1.4999987261274677,1.4999987261274677,1.4999985947830725,0.0029999972239140096,0.042000002491461345,8.786124787571424,165.01666666669013,0,129,-0.0007448122077743544
13575,1,1,1,1,1,1.1198593378067017,1.4999997485540981,1.4999997485540981,1.4999997226284192,0.0029999994520366613,0.042000000491782125,10.23173890107755,165.26666666669033,0,144,-0.0004790722659091056
13590,1,1,1,1,1,6.5724992752075195,1.4999999503678416,1.4999999503678416,1.4999999452504502,0.0029999998918391474,0.04200000009707141,10.493215018531682,165.51666666669053,0,159,3.733943646057808e-05
13605,1,1,1,1,1,5.869938373565674,1.4999999902032581,1.4999999902032581,1.499999989193151,0.0029999999786504555,0.042000000019160634,12.196317457172933,165.76666666669072,0,174,0.0005614368543944239
13620,1,1,1,1,1,6.251420021057129,1.499999998066252,1.499999998066252,1.49999999786687,0.0029999999957858806,0.042000000003782054,12.723661054517562,166.01666666669092,0,189,0.000939922639125218
13635,1,1,1,1,1,5.715346336364746,1.499999999618304,1.499999999618304,1.4999999995789484,0.002999999999168189,0.042000000000746524,13.714964088512989,166.26666666669112,0,204,0.001576042894874952
13650,1,1,1,1,1,4.846088886260986,1.4999999999246596,1.4999999999246596,1.4999999999168918,0.0029999999998358146,0.04200000000014735,14.637009250300723,166.51666666669132,0,219,0.0019494862675579951
13665,1,1,1,1,1,2.3429126739501953,1.4999999999851286,1.4999999999851286,1.4999999999835945,0.002999999999967591,0.042000000000029084,14.823037510081074,166.76666666669152,0,234,0.002186015472211868
13680,1,1,1,1,1,3.640735626220703,1.4999999999970655,1.4999999999970655,1.4999999999967633,0.002999999999993605,0.04200000000000574,14.816373561338548,167.01666666669172,0,249,0.002372114995636538
13695,1,1,1,1,1,3.4040064811706543,1.4999999999994187,1.4999999999994187,1.4999999999993585,0.002999999999998733,0.042000000000001134,13.829786602876329,167.26666666669192,0,264,0.002352712035631186
13710,1,1,1,1,1,1.7873625755310059,1.4999999999998868,1.4999999999998868,1.4999999999998752,0.002999999999999753,0.04200000000000022,12.60150061574677,167.51666666669212,0,279,0.002248561994677887
13725,1,1,1,1,1,0.9792200326919556,1.4999999999999791,1.4999999999999791,1.4999999999999765,0.002999999999999954,0.04200000000000004,12.140430873613937,167.76666666669232,0,294,0.002174175948106552
13740,1,1,1,1,1,1.4478695392608643,1.4999999999999851,1.4999999999999851,1.499999999999985,0.002999999999999968,0.04200000000000003,11.973137242079138,168.01666666669252,0,309,0.0021780334391748465
13755,1,1,1,1,1,5.05603551864624,1.4999999999999851,1.4999999999999851,1.499999999999985,0.002999999999999968,0.04200000000000003,11.230727705662,168.26666666669271,0,324,0.0022241221298585833
13770,1,1,1,1,1,5.82599401473999,1.4999999999999851,1.4999999999999851,1.499999999999985,0.002999999999999968,0.04200000000000003,11.150827330721725,168.5166666666929,0,339,0.0024605860325615644
13785,1,1,1,1,1,5.727383136749268,1.4999999999999851,1.4999999999999851,1.499999999999985,0.002999999999999968,0.04200000000000003,11.106723324752704,168.7666666666931,0,354,0.0026301051520801495
13800,1,1,1,1,1,4.817695617675781,1.4999999999999851,1.4999999999999851,1.499999999999985,0.002999999999999968,0.04200000000000003,11.061383362322768,169.0166666666933,0,369,0.0027223773585527467
13815,1,1,1,1,1,4.0339226722717285,1.4999999999999851,1.4999999999999851,1.499999999999985,0.002999999999999968,0.04200000000000003,10.992271924208179,169.2666666666935,0,384,0.002761717838937344
13830,1,1,1,1,1,3.50262713432312,1.4999999999999851,1.4999999999999851,1.499999999999985,0.002999999999999968,0.04200000000000003,10.491607222820997,169.5166666666937,0,399,0.002777104521127105
13845,1,1,1,1,1,1.4754128456115723,1.4999999999999851,1.4999999999999851,1.499999999999985,0.002999999999999968,0.04200000000000003,12.779085626106394,169.7666666666939,0,414,0.0028457588698812776
13860,1,0,1,1,1,0.0,1.4999999999999851,1.4999999999999851,1.499999999999985,0.002999999999999968,0.04200000000000003,13.676413612380234,170.0166666666941,0,429,0.0030104827102861538
13875,1,0,1,1,1,0.0,1.4999999999999851,1.4999999999999851,1.499999999999985,0.002999999999999968,0.04200000000000003,18.905717346893102,170.2666666666943,0,444,0.004276121130106848
13890,1,0,1,1,1,0.0,1.4999999999999851,1.4999999999999851,1.499999999999985,0.002999999999999968,0.04200000000000003,21.309319213614685,170.5166666666945,0,459,0.0047610948691878185
13905,1,0,1,1,1,0.0,1.4999999999999851,1.4999999999999851,1.499999999999985,0.002999999999999968,0.04200000000000003,21.351716055035837,170.7666666666947,0,474,0.005169855554804625
13920,1,0,1,1,1,0.0,1.4999999999999851,1.4999999999999851,1.499999999999985,0.002999999999999968,0.04200000000000003,19.29591555055295,171.0166666666949,0,489,0.005507454232451798
13935,1,0,1,1,1,0.0,1.4999999999999851,1.4999999999999851,1.499999999999985,0.002999999999999968,0.04200000000000003,19.29591555055295,171.2666666666951,0,504,0.005763310282574729
13950,1,0,1,1,1,0.0,1.4999999999999851,1.4999999999999851,1.499999999999985,0.002999999999999968,0.04200000000000003,19.29591555055295,171.5166666666953,0,519,0.00594701673078216
13965,1,0,1,1,1,0.0,1.4999999999999851,1.4999999999999851,1.499999999999985,0.002999999999999968,0.04200000000000003,19.29591555055295,171.7666666666955,0,534,0.0060102582561272
